No.,Time,Source,Destination,Protocol,Length,Info,,,,,,,,,,,,,time 2,time 1,delay,delay 2,delay 1,jitter
1,0,10.0.18.139,52.139.250.253,TLSv1.2,96,Application Data,,,,,,,,,,,,,0.086098,0,0.086098,0.041479,0.044619,-0.00314
2,0.086098,52.139.250.253,10.0.18.139,TLSv1.2,227,Application Data,,,,,,,,,,,,,0.127577,0.086098,0.041479,6.628506,-6.587027,13.215533
3,0.127577,10.0.18.139,52.139.250.253,TCP,54,63292  >  443 [ACK] Seq=43 Ack=174 Win=255 Len=0,,,,,,,,,,,,,6.756083,0.127577,6.628506,0.043205,6.585301,-6.542096
21,6.756083,10.0.18.139,172.217.194.188,TCP,55,63302  >  5228 [ACK] Seq=1 Ack=1 Win=256 Len=1,,,,,,,,,,,,,6.799288,6.756083,0.043205,18.3953,-18.352095,36.747395
22,6.799288,172.217.194.188,10.0.18.139,TCP,66,5228  >  63302 [ACK] Seq=1 Ack=2 Win=265 Len=0 SLE=1 SRE=2,,,,,,,,,,,,,25.194588,6.799288,18.3953,6.678773,11.716527,-5.037754
70,25.194588,13.107.42.12,10.0.18.139,TCP,60,"443  >  63301 [RST, ACK] Seq=1 Ack=1 Win=0 Len=0",,,,,,,,,,,,,31.873361,25.194588,6.678773,0.192928,6.485845,-6.292917
105,31.873361,10.0.18.139,20.44.232.74,TCP,66,63304  >  443 [SYN] Seq=0 Win=64240 Len=0 MSS=1460 WS=256 SACK_PERM=1,,,,,,,,,,,,,32.066289,31.873361,0.192928,0.0002,0.192728,-0.192528
107,32.066289,20.44.232.74,10.0.18.139,TCP,66,"443  >  63304 [SYN, ACK] Seq=0 Ack=1 Win=65535 Len=0 MSS=1440 WS=256 SACK_PERM=1",,,,,,,,,,,,,32.066489,32.066289,0.0002,0.000729,-0.000529,0.001258
108,32.066489,10.0.18.139,20.44.232.74,TCP,54,63304  >  443 [ACK] Seq=1 Ack=1 Win=66048 Len=0,,,,,,,,,,,,,32.067218,32.066489,0.000729,0.226038,-0.225309,0.451347
109,32.067218,10.0.18.139,20.44.232.74,TLSv1.2,235,Client Hello,,,,,,,,,,,,,32.293256,32.067218,0.226038,0.01378,0.212258,-0.198478
110,32.293256,20.44.232.74,10.0.18.139,TCP,1514,443  >  63304 [ACK] Seq=1 Ack=182 Win=525312 Len=1460 [TCP segment of a reassembled PDU],,,,,,,,,,,,,32.307036,32.293256,0.01378,9.30E-05,0.013687,-0.013594
111,32.307036,20.44.232.74,10.0.18.139,TCP,1514,443  >  63304 [ACK] Seq=1461 Ack=182 Win=525312 Len=1460 [TCP segment of a reassembled PDU],,,,,,,,,,,,,32.307129,32.307036,9.30E-05,0.001208,-0.001115,0.002323
112,32.307129,10.0.18.139,20.44.232.74,TCP,54,63304  >  443 [ACK] Seq=182 Ack=2921 Win=66048 Len=0,,,,,,,,,,,,,32.308337,32.307129,0.001208,0,0.001208,-0.001208
113,32.308337,20.44.232.74,10.0.18.139,TCP,1514,443  >  63304 [ACK] Seq=2921 Ack=182 Win=525312 Len=1460 [TCP segment of a reassembled PDU],,,,,,,,,,,,,32.308337,32.308337,0,5.80E-05,-5.80E-05,0.000116
114,32.308337,20.44.232.74,10.0.18.139,TCP,1514,443  >  63304 [ACK] Seq=4381 Ack=182 Win=525312 Len=1460 [TCP segment of a reassembled PDU],,,,,,,,,,,,,32.308395,32.308337,5.80E-05,0.009247,-0.009189,0.018436
115,32.308395,10.0.18.139,20.44.232.74,TCP,54,63304  >  443 [ACK] Seq=182 Ack=5841 Win=66048 Len=0,,,,,,,,,,,,,32.317642,32.308395,0.009247,0.007757,0.00149,0.006267
116,32.317642,20.44.232.74,10.0.18.139,TLSv1.2,449,"Server Hello, Certificate, Certificate Status, Server Key Exchange, Certificate Request, Server Hello Done",,,,,,,,,,,,,32.325399,32.317642,0.007757,0.233236,-0.225479,0.458715
117,32.325399,10.0.18.139,20.44.232.74,TLSv1.2,219,"Certificate, Client Key Exchange, Change Cipher Spec, Encrypted Handshake Message",,,,,,,,,,,,,32.558635,32.325399,0.233236,0.001223,0.232013,-0.23079
119,32.558635,20.44.232.74,10.0.18.139,TLSv1.2,105,"Change Cipher Spec, Encrypted Handshake Message",,,,,,,,,,,,,32.559858,32.558635,0.001223,0,0.001223,-0.001223
120,32.559858,10.0.18.139,20.44.232.74,TCP,1494,63304  >  443 [ACK] Seq=347 Ack=6287 Win=65792 Len=1440 [TCP segment of a reassembled PDU],,,,,,,,,,,,,32.559858,32.559858,0,0.000303,-0.000303,0.000606
121,32.559858,10.0.18.139,20.44.232.74,TLSv1.2,143,Application Data,,,,,,,,,,,,,32.560161,32.559858,0.000303,0,0.000303,-0.000303
122,32.560161,10.0.18.139,20.44.232.74,TCP,1494,63304  >  443 [ACK] Seq=1876 Ack=6287 Win=65792 Len=1440 [TCP segment of a reassembled PDU],,,,,,,,,,,,,32.560161,32.560161,0,0,0,0
123,32.560161,10.0.18.139,20.44.232.74,TCP,1494,63304  >  443 [ACK] Seq=3316 Ack=6287 Win=65792 Len=1440 [TCP segment of a reassembled PDU],,,,,,,,,,,,,32.560161,32.560161,0,0,0,0
124,32.560161,10.0.18.139,20.44.232.74,TCP,1494,63304  >  443 [ACK] Seq=4756 Ack=6287 Win=65792 Len=1440 [TCP segment of a reassembled PDU],,,,,,,,,,,,,32.560161,32.560161,0,0.283495,-0.283495,0.56699
125,32.560161,10.0.18.139,20.44.232.74,TLSv1.2,1155,Application Data,,,,,,,,,,,,,32.843656,32.560161,0.283495,0.018001,0.265494,-0.247493
126,32.843656,20.44.232.74,10.0.18.139,TCP,60,443  >  63304 [ACK] Seq=6287 Ack=7297 Win=525568 Len=0,,,,,,,,,,,,,32.861657,32.843656,0.018001,0.000845,0.017156,-0.016311
127,32.861657,20.44.232.74,10.0.18.139,TCP,1514,443  >  63304 [ACK] Seq=6287 Ack=7297 Win=525568 Len=1460 [TCP segment of a reassembled PDU],,,,,,,,,,,,,32.862502,32.861657,0.000845,9.00E-05,0.000755,-0.000665
128,32.862502,20.44.232.74,10.0.18.139,TCP,1514,443  >  63304 [ACK] Seq=7747 Ack=7297 Win=525568 Len=1460 [TCP segment of a reassembled PDU],,,,,,,,,,,,,32.862592,32.862502,9.00E-05,0.565499,-0.565409,1.130908
129,32.862592,10.0.18.139,20.44.232.74,TCP,54,63304  >  443 [ACK] Seq=7297 Ack=9207 Win=66048 Len=0,,,,,,,,,,,,,33.428091,32.862592,0.565499,0.000151,0.565348,-0.565197
130,33.428091,20.44.232.74,10.0.18.139,TCP,1514,"[TCP Previous segment not captured] 443  >  63304 [PSH, ACK] Seq=10394 Ack=7297 Win=525568 Len=1460 [TCP segment of a reassembled PDU]",,,,,,,,,,,,,33.428242,33.428091,0.000151,0.40976,-0.409609,0.819369
131,33.428242,10.0.18.139,20.44.232.74,TCP,66,[TCP Dup ACK 129#1] 63304  >  443 [ACK] Seq=7297 Ack=9207 Win=66048 Len=0 SLE=10394 SRE=11854,,,,,,,,,,,,,33.838002,33.428242,0.40976,0.000149,0.409611,-0.409462
132,33.838002,20.44.232.74,10.0.18.139,TCP,1514,[TCP Retransmission] 443  >  63304 [ACK] Seq=9207 Ack=7297 Win=525568 Len=1460,,,,,,,,,,,,,33.838151,33.838002,0.000149,0.036695,-0.036546,0.073241
133,33.838151,10.0.18.139,20.44.232.74,TCP,66,63304  >  443 [ACK] Seq=7297 Ack=11854 Win=66048 Len=0 SLE=10394 SRE=10667,,,,,,,,,,,,,33.874846,33.838151,0.036695,0,0.036695,-0.036695
134,33.874846,10.0.18.139,20.44.232.74,TCP,1494,63304  >  443 [ACK] Seq=7297 Ack=11854 Win=66048 Len=1440 [TCP segment of a reassembled PDU],,,,,,,,,,,,,33.874846,33.874846,0,0.012402,-0.012402,0.024804
135,33.874846,10.0.18.139,20.44.232.74,TLSv1.2,130,Application Data,,,,,,,,,,,,,33.887248,33.874846,0.012402,0.108658,-0.096256,0.204914
136,33.887248,10.0.18.139,20.44.232.74,TCP,66,63305  >  443 [SYN] Seq=0 Win=64240 Len=0 MSS=1460 WS=256 SACK_PERM=1,,,,,,,,,,,,,33.995906,33.887248,0.108658,0.000221,0.108437,-0.108216
137,33.995906,20.44.232.74,10.0.18.139,TCP,60,443  >  63304 [ACK] Seq=11854 Ack=8813 Win=525568 Len=0,,,,,,,,,,,,,33.996127,33.995906,0.000221,0.00028,-5.90E-05,0.000339
138,33.996127,20.44.232.74,10.0.18.139,TCP,66,"443  >  63305 [SYN, ACK] Seq=0 Ack=1 Win=65535 Len=0 MSS=1440 WS=256 SACK_PERM=1",,,,,,,,,,,,,33.996407,33.996127,0.00028,0.000858,-0.000578,0.001436
139,33.996407,10.0.18.139,20.44.232.74,TCP,54,63305  >  443 [ACK] Seq=1 Ack=1 Win=66048 Len=0,,,,,,,,,,,,,33.997265,33.996407,0.000858,0.013024,-0.012166,0.02519
140,33.997265,10.0.18.139,20.44.232.74,TLSv1.2,267,Client Hello,,,,,,,,,,,,,34.010289,33.997265,0.013024,0.040672,-0.027648,0.06832
141,34.010289,20.44.232.74,10.0.18.139,TLSv1.2,366,Application Data,,,,,,,,,,,,,34.050961,34.010289,0.040672,0.016894,0.023778,-0.006884
142,34.050961,10.0.18.139,20.44.232.74,TCP,54,63304  >  443 [ACK] Seq=8813 Ack=12166 Win=65792 Len=0,,,,,,,,,,,,,34.067855,34.050961,0.016894,0.000267,0.016627,-0.01636
143,34.067855,20.44.232.74,10.0.18.139,TCP,1514,443  >  63305 [ACK] Seq=1 Ack=214 Win=525312 Len=1460 [TCP segment of a reassembled PDU],,,,,,,,,,,,,34.068122,34.067855,0.000267,0.000111,0.000156,-4.50E-05
144,34.068122,20.44.232.74,10.0.18.139,TCP,1514,443  >  63305 [ACK] Seq=1461 Ack=214 Win=525312 Len=1460 [TCP segment of a reassembled PDU],,,,,,,,,,,,,34.068233,34.068122,0.000111,0.011521,-0.01141,0.022931
145,34.068233,10.0.18.139,20.44.232.74,TCP,54,63305  >  443 [ACK] Seq=214 Ack=2921 Win=66048 Len=0,,,,,,,,,,,,,34.079754,34.068233,0.011521,0.000372,0.011149,-0.010777
146,34.079754,20.44.232.74,10.0.18.139,TCP,1514,443  >  63305 [ACK] Seq=2921 Ack=214 Win=525312 Len=1460 [TCP segment of a reassembled PDU],,,,,,,,,,,,,34.080126,34.079754,0.000372,0.00011,0.000262,-0.000152
147,34.080126,20.44.232.74,10.0.18.139,TCP,1514,443  >  63305 [ACK] Seq=4381 Ack=214 Win=525312 Len=1460 [TCP segment of a reassembled PDU],,,,,,,,,,,,,34.080236,34.080126,0.00011,0.012062,-0.011952,0.024014
148,34.080236,10.0.18.139,20.44.232.74,TCP,54,63305  >  443 [ACK] Seq=214 Ack=5841 Win=66048 Len=0,,,,,,,,,,,,,34.092298,34.080236,0.012062,0.016417,-0.004355,0.020772
149,34.092298,20.44.232.74,10.0.18.139,TLSv1.2,449,"Server Hello, Certificate, Certificate Status, Server Key Exchange, Certificate Request, Server Hello Done",,,,,,,,,,,,,34.108715,34.092298,0.016417,0.095791,-0.079374,0.175165
150,34.108715,10.0.18.139,20.44.232.74,TLSv1.2,219,"Certificate, Client Key Exchange, Change Cipher Spec, Encrypted Handshake Message",,,,,,,,,,,,,34.204506,34.108715,0.095791,0.002605,0.093186,-0.090581
151,34.204506,20.44.232.74,10.0.18.139,TLSv1.2,105,"Change Cipher Spec, Encrypted Handshake Message",,,,,,,,,,,,,34.207111,34.204506,0.002605,0,0.002605,-0.002605
152,34.207111,10.0.18.139,20.44.232.74,TCP,1494,63305  >  443 [ACK] Seq=379 Ack=6287 Win=65792 Len=1440 [TCP segment of a reassembled PDU],,,,,,,,,,,,,34.207111,34.207111,0,0.000262,-0.000262,0.000524
153,34.207111,10.0.18.139,20.44.232.74,TLSv1.2,143,Application Data,,,,,,,,,,,,,34.207373,34.207111,0.000262,0,0.000262,-0.000262
154,34.207373,10.0.18.139,20.44.232.74,TCP,1494,63305  >  443 [ACK] Seq=1908 Ack=6287 Win=65792 Len=1440 [TCP segment of a reassembled PDU],,,,,,,,,,,,,34.207373,34.207373,0,0.093483,-0.093483,0.186966
155,34.207373,10.0.18.139,20.44.232.74,TLSv1.2,391,Application Data,,,,,,,,,,,,,34.300856,34.207373,0.093483,0.039352,0.054131,-0.014779
157,34.300856,20.44.232.74,10.0.18.139,TCP,60,443  >  63305 [ACK] Seq=6287 Ack=1908 Win=525568 Len=0,,,,,,,,,,,,,34.340208,34.300856,0.039352,0.778676,-0.739324,1.518
158,34.340208,20.44.232.74,10.0.18.139,TCP,60,443  >  63305 [ACK] Seq=6287 Ack=3685 Win=525568 Len=0,,,,,,,,,,,,,35.118884,34.340208,0.778676,0.000488,0.778188,-0.7777
161,35.118884,20.44.232.74,10.0.18.139,TCP,1514,443  >  63305 [ACK] Seq=6287 Ack=3685 Win=525568 Len=1460 [TCP segment of a reassembled PDU],,,,,,,,,,,,,35.119372,35.118884,0.000488,0.000111,0.000377,-0.000266
162,35.119372,20.44.232.74,10.0.18.139,TLSv1.2,919,Application Data,,,,,,,,,,,,,35.119483,35.119372,0.000111,0.112536,-0.112425,0.224961
163,35.119483,10.0.18.139,20.44.232.74,TCP,54,63305  >  443 [ACK] Seq=3685 Ack=8612 Win=66048 Len=0,,,,,,,,,,,,,35.232019,35.119483,0.112536,0,0.112536,-0.112536
164,35.232019,10.0.18.139,20.44.232.74,TCP,1494,63304  >  443 [ACK] Seq=8813 Ack=12166 Win=65792 Len=1440 [TCP segment of a reassembled PDU],,,,,,,,,,,,,35.232019,35.232019,0,0.055006,-0.055006,0.110012
165,35.232019,10.0.18.139,20.44.232.74,TLSv1.2,130,Application Data,,,,,,,,,,,,,35.287025,35.232019,0.055006,0.018089,0.036917,-0.018828
166,35.287025,20.44.232.74,10.0.18.139,TCP,60,443  >  63304 [ACK] Seq=12166 Ack=10329 Win=525568 Len=0,,,,,,,,,,,,,35.305114,35.287025,0.018089,0.040153,-0.022064,0.062217
167,35.305114,20.44.232.74,10.0.18.139,TLSv1.2,366,Application Data,,,,,,,,,,,,,35.345267,35.305114,0.040153,6.734928,-6.694775,13.429703
168,35.345267,10.0.18.139,20.44.232.74,TCP,54,63304  >  443 [ACK] Seq=10329 Ack=12478 Win=65536 Len=0,,,,,,,,,,,,,42.080195,35.345267,6.734928,0,6.734928,-6.734928
184,42.080195,10.0.18.139,20.44.232.74,TCP,1494,63305  >  443 [ACK] Seq=3685 Ack=8612 Win=66048 Len=1440 [TCP segment of a reassembled PDU],,,,,,,,,,,,,42.080195,42.080195,0,0.00021,-0.00021,0.00042
185,42.080195,10.0.18.139,20.44.232.74,TLSv1.2,143,Application Data,,,,,,,,,,,,,42.080405,42.080195,0.00021,0,0.00021,-0.00021
186,42.080405,10.0.18.139,20.44.232.74,TCP,1494,63305  >  443 [ACK] Seq=5214 Ack=8612 Win=66048 Len=1440 [TCP segment of a reassembled PDU],,,,,,,,,,,,,42.080405,42.080405,0,0,0,0
187,42.080405,10.0.18.139,20.44.232.74,TCP,1494,63305  >  443 [ACK] Seq=6654 Ack=8612 Win=66048 Len=1440 [TCP segment of a reassembled PDU],,,,,,,,,,,,,42.080405,42.080405,0,0.064717,-0.064717,0.129434
188,42.080405,10.0.18.139,20.44.232.74,TLSv1.2,805,Application Data,,,,,,,,,,,,,42.145122,42.080405,0.064717,0.000169,0.064548,-0.064379
189,42.145122,20.44.232.74,10.0.18.139,TCP,60,443  >  63305 [ACK] Seq=8612 Ack=5214 Win=525568 Len=0,,,,,,,,,,,,,42.145291,42.145122,0.000169,0.002023,-0.001854,0.003877
190,42.145291,20.44.232.74,10.0.18.139,TCP,60,443  >  63305 [ACK] Seq=8612 Ack=8094 Win=525568 Len=0,,,,,,,,,,,,,42.147314,42.145291,0.002023,0.012747,-0.010724,0.023471
191,42.147314,20.44.232.74,10.0.18.139,TCP,1514,443  >  63305 [ACK] Seq=8612 Ack=8845 Win=524800 Len=1460 [TCP segment of a reassembled PDU],,,,,,,,,,,,,42.160061,42.147314,0.012747,9.00E-05,0.012657,-0.012567
192,42.160061,20.44.232.74,10.0.18.139,TCP,1514,443  >  63305 [ACK] Seq=10072 Ack=8845 Win=524800 Len=1460 [TCP segment of a reassembled PDU],,,,,,,,,,,,,42.160151,42.160061,9.00E-05,0.001442,-0.001352,0.002794
193,42.160151,10.0.18.139,20.44.232.74,TCP,54,63305  >  443 [ACK] Seq=8845 Ack=11532 Win=66048 Len=0,,,,,,,,,,,,,42.161593,42.160151,0.001442,0.041013,-0.039571,0.080584
194,42.161593,20.44.232.74,10.0.18.139,TLSv1.2,1024,Application Data,,,,,,,,,,,,,42.202606,42.161593,0.041013,0.056491,-0.015478,0.071969
195,42.202606,10.0.18.139,20.44.232.74,TCP,54,63305  >  443 [ACK] Seq=8845 Ack=12502 Win=65024 Len=0,,,,,,,,,,,,,42.259097,42.202606,0.056491,0,0.056491,-0.056491
196,42.259097,10.0.18.139,20.44.232.74,TCP,1494,63304  >  443 [ACK] Seq=10329 Ack=12478 Win=65536 Len=1440 [TCP segment of a reassembled PDU],,,,,,,,,,,,,42.259097,42.259097,0,0.047638,-0.047638,0.095276
197,42.259097,10.0.18.139,20.44.232.74,TLSv1.2,130,Application Data,,,,,,,,,,,,,42.306735,42.259097,0.047638,0.030129,0.017509,0.01262
198,42.306735,20.44.232.74,10.0.18.139,TCP,60,443  >  63304 [ACK] Seq=12478 Ack=11845 Win=525568 Len=0,,,,,,,,,,,,,42.336864,42.306735,0.030129,0.040537,-0.010408,0.050945
199,42.336864,20.44.232.74,10.0.18.139,TLSv1.2,366,Application Data,,,,,,,,,,,,,42.377401,42.336864,0.040537,2.631648,-2.591111,5.222759
201,42.377401,10.0.18.139,20.44.232.74,TCP,54,63304  >  443 [ACK] Seq=11845 Ack=12790 Win=65280 Len=0,,,,,,,,,,,,,45.009049,42.377401,2.631648,0.05294,2.578708,-2.525768
204,45.009049,10.0.18.139,52.139.250.253,TLSv1.2,96,Application Data,,,,,,,,,,,,,45.061989,45.009049,0.05294,0.041131,0.011809,0.029322
205,45.061989,52.139.250.253,10.0.18.139,TLSv1.2,227,Application Data,,,,,,,,,,,,,45.10312,45.061989,0.041131,6.696846,-6.655715,13.352561
206,45.10312,10.0.18.139,52.139.250.253,TCP,54,63292  >  443 [ACK] Seq=85 Ack=347 Win=255 Len=0,,,,,,,,,,,,,51.799966,45.10312,6.696846,0.124084,6.572762,-6.448678
216,51.799966,10.0.18.139,172.217.194.188,TCP,55,[TCP Keep-Alive] 63302  >  5228 [ACK] Seq=1 Ack=1 Win=256 Len=1,,,,,,,,,,,,,51.92405,51.799966,0.124084,1.430251,-1.306167,2.736418
219,51.92405,172.217.194.188,10.0.18.139,TCP,66,[TCP Keep-Alive ACK] 5228  >  63302 [ACK] Seq=1 Ack=2 Win=265 Len=0 SLE=1 SRE=2,,,,,,,,,,,,,53.354301,51.92405,1.430251,0,1.430251,-1.430251
242,53.354301,10.0.18.139,20.44.232.74,TCP,1494,63305  >  443 [ACK] Seq=8845 Ack=12502 Win=65024 Len=1440 [TCP segment of a reassembled PDU],,,,,,,,,,,,,53.354301,53.354301,0,0.000213,-0.000213,0.000426
243,53.354301,10.0.18.139,20.44.232.74,TLSv1.2,143,Application Data,,,,,,,,,,,,,53.354514,53.354301,0.000213,0,0.000213,-0.000213
244,53.354514,10.0.18.139,20.44.232.74,TCP,1494,63305  >  443 [ACK] Seq=10374 Ack=12502 Win=65024 Len=1440 [TCP segment of a reassembled PDU],,,,,,,,,,,,,53.354514,53.354514,0,0.181513,-0.181513,0.363026
245,53.354514,10.0.18.139,20.44.232.74,TLSv1.2,391,Application Data,,,,,,,,,,,,,53.536027,53.354514,0.181513,0.106183,0.07533,0.030853
247,53.536027,10.0.18.139,20.44.232.74,TCP,1494,"[TCP Retransmission] 63305  >  443 [PSH, ACK] Seq=10711 Ack=12502 Win=65024 Len=1440",,,,,,,,,,,,,53.64221,53.536027,0.106183,0.01752,0.088663,-0.071143
248,53.64221,20.44.232.74,10.0.18.139,TCP,60,443  >  63305 [ACK] Seq=12502 Ack=10374 Win=525568 Len=0,,,,,,,,,,,,,53.65973,53.64221,0.01752,0.000136,0.017384,-0.017248
249,53.65973,20.44.232.74,10.0.18.139,TCP,60,443  >  63305 [ACK] Seq=12502 Ack=12151 Win=525568 Len=0,,,,,,,,,,,,,53.659866,53.65973,0.000136,0.000683,-0.000547,0.00123
250,53.659866,20.44.232.74,10.0.18.139,TCP,1514,443  >  63305 [ACK] Seq=12502 Ack=12151 Win=525568 Len=1460 [TCP segment of a reassembled PDU],,,,,,,,,,,,,53.660549,53.659866,0.000683,0,0.000683,-0.000683
251,53.660549,20.44.232.74,10.0.18.139,TLSv1.2,919,Application Data,,,,,,,,,,,,,53.660549,53.660549,0,0,0,0
252,53.660549,20.44.232.74,10.0.18.139,TCP,66,[TCP Dup ACK 249#1] 443  >  63305 [ACK] Seq=14827 Ack=12151 Win=525568 Len=0 SLE=10711 SRE=12151,,,,,,,,,,,,,53.660549,53.660549,0,8.50E-05,-8.50E-05,0.00017
253,53.660549,20.44.232.74,10.0.18.139,TCP,1514,"[TCP Retransmission] 443  >  63305 [PSH, ACK] Seq=13367 Ack=12151 Win=525568 Len=1460",,,,,,,,,,,,,53.660634,53.660549,8.50E-05,0.012537,-0.012452,0.024989
254,53.660634,10.0.18.139,20.44.232.74,TCP,66,63305  >  443 [ACK] Seq=12151 Ack=14827 Win=66048 Len=0 SLE=13367 SRE=14827,,,,,,,,,,,,,53.673171,53.660634,0.012537,0,0.012537,-0.012537
255,53.673171,10.0.18.139,20.44.232.74,TCP,1494,63304  >  443 [ACK] Seq=11845 Ack=12790 Win=65280 Len=1440 [TCP segment of a reassembled PDU],,,,,,,,,,,,,53.673171,53.673171,0,0.070739,-0.070739,0.141478
256,53.673171,10.0.18.139,20.44.232.74,TLSv1.2,130,Application Data,,,,,,,,,,,,,53.74391,53.673171,0.070739,0.015296,0.055443,-0.040147
257,53.74391,20.44.232.74,10.0.18.139,TCP,60,443  >  63304 [ACK] Seq=12790 Ack=13361 Win=525568 Len=0,,,,,,,,,,,,,53.759206,53.74391,0.015296,0.040613,-0.025317,0.06593
258,53.759206,20.44.232.74,10.0.18.139,TLSv1.2,366,Application Data,,,,,,,,,,,,,53.799819,53.759206,0.040613,34.663983,-34.62337,69.287353
259,53.799819,10.0.18.139,20.44.232.74,TCP,54,63304  >  443 [ACK] Seq=13361 Ack=13102 Win=64768 Len=0,,,,,,,,,,,,,88.463802,53.799819,34.663983,0.096843,34.56714,-34.470297
372,88.463802,10.0.18.139,74.125.24.94,TCP,66,63306  >  443 [SYN] Seq=0 Win=64240 Len=0 MSS=1460 WS=256 SACK_PERM=1,,,,,,,,,,,,,88.560645,88.463802,0.096843,0.00038,0.096463,-0.096083
374,88.560645,74.125.24.94,10.0.18.139,TCP,66,"443  >  63306 [SYN, ACK] Seq=0 Ack=1 Win=65535 Len=0 MSS=1430 SACK_PERM=1 WS=256",,,,,,,,,,,,,88.561025,88.560645,0.00038,0.019769,-0.019389,0.039158
375,88.561025,10.0.18.139,74.125.24.94,TCP,54,63306  >  443 [ACK] Seq=1 Ack=1 Win=65536 Len=0,,,,,,,,,,,,,88.580794,88.561025,0.019769,0.105001,-0.085232,0.190233
376,88.580794,10.0.18.139,74.125.24.94,TLSv1.2,236,Client Hello,,,,,,,,,,,,,88.685795,88.580794,0.105001,0.050294,0.054707,-0.004413
379,88.685795,74.125.24.94,10.0.18.139,TCP,60,443  >  63306 [ACK] Seq=1 Ack=183 Win=66816 Len=0,,,,,,,,,,,,,88.736089,88.685795,0.050294,0.001581,0.048713,-0.047132
380,88.736089,74.125.24.94,10.0.18.139,TLSv1.2,1484,Server Hello,,,,,,,,,,,,,88.73767,88.736089,0.001581,8.10E-05,0.0015,-0.001419
381,88.73767,74.125.24.94,10.0.18.139,TLSv1.2,1454,"Certificate, Server Key Exchange, Server Hello Done",,,,,,,,,,,,,88.737751,88.73767,8.10E-05,0.025211,-0.02513,0.050341
382,88.737751,10.0.18.139,74.125.24.94,TCP,54,63306  >  443 [ACK] Seq=183 Ack=2831 Win=65536 Len=0,,,,,,,,,,,,,88.762962,88.737751,0.025211,0.127355,-0.102144,0.229499
383,88.762962,10.0.18.139,74.125.24.94,TLSv1.2,147,"Client Key Exchange, Change Cipher Spec, Encrypted Handshake Message",,,,,,,,,,,,,88.890317,88.762962,0.127355,0.040766,0.086589,-0.045823
384,88.890317,74.125.24.94,10.0.18.139,TLSv1.2,346,"New Session Ticket, Change Cipher Spec, Encrypted Handshake Message",,,,,,,,,,,,,88.931083,88.890317,0.040766,0.048392,-0.007626,0.056018
385,88.931083,10.0.18.139,74.125.24.94,TCP,54,63306  >  443 [ACK] Seq=276 Ack=3123 Win=65280 Len=0,,,,,,,,,,,,,88.979475,88.931083,0.048392,0.000326,0.048066,-0.04774
386,88.979475,10.0.18.139,74.125.24.94,TLSv1.2,661,Application Data,,,,,,,,,,,,,88.979801,88.979475,0.000326,0.033429,-0.033103,0.066532
387,88.979801,10.0.18.139,74.125.24.94,TLSv1.2,1127,Application Data,,,,,,,,,,,,,89.01323,88.979801,0.033429,0.230149,-0.19672,0.426869
389,89.01323,74.125.24.94,10.0.18.139,TCP,60,443  >  63306 [ACK] Seq=3123 Ack=1956 Win=70144 Len=0,,,,,,,,,,,,,89.243379,89.01323,0.230149,0.000397,0.229752,-0.229355
390,89.243379,74.125.24.94,10.0.18.139,TLSv1.2,1484,Application Data,,,,,,,,,,,,,89.243776,89.243379,0.000397,0,0.000397,-0.000397
391,89.243776,74.125.24.94,10.0.18.139,TLSv1.2,290,Application Data,,,,,,,,,,,,,89.243776,89.243776,0,0.000133,-0.000133,0.000266
392,89.243776,74.125.24.94,10.0.18.139,TLSv1.2,88,Application Data,,,,,,,,,,,,,89.243909,89.243776,0.000133,0.342697,-0.342564,0.685261
393,89.243909,10.0.18.139,74.125.24.94,TCP,54,63306  >  443 [ACK] Seq=1956 Ack=4823 Win=65536 Len=0,,,,,,,,,,,,,89.586606,89.243909,0.342697,0.414904,-0.072207,0.487111
395,89.586606,10.0.18.139,74.125.24.94,TCP,54,"63306  >  443 [RST, ACK] Seq=1956 Ack=4823 Win=0 Len=0",,,,,,,,,,,,,90.00151,89.586606,0.414904,0.041705,0.373199,-0.331494
401,90.00151,10.0.18.139,52.139.250.253,TLSv1.2,96,Application Data,,,,,,,,,,,,,90.043215,90.00151,0.041705,0.041163,0.000542,0.040621
407,90.043215,52.139.250.253,10.0.18.139,TLSv1.2,227,Application Data,,,,,,,,,,,,,90.084378,90.043215,0.041163,6.840777,-6.799614,13.640391
409,90.084378,10.0.18.139,52.139.250.253,TCP,54,63292  >  443 [ACK] Seq=127 Ack=520 Win=254 Len=0,,,,,,,,,,,,,96.925155,90.084378,6.840777,0.056216,6.784561,-6.728345
476,96.925155,10.0.18.139,172.217.194.188,TCP,55,[TCP Keep-Alive] 63302  >  5228 [ACK] Seq=1 Ack=1 Win=256 Len=1,,,,,,,,,,,,,96.981371,96.925155,0.056216,7.404438,-7.348222,14.75266
477,96.981371,172.217.194.188,10.0.18.139,TCP,66,[TCP Keep-Alive ACK] 5228  >  63302 [ACK] Seq=1 Ack=2 Win=265 Len=0 SLE=1 SRE=2,,,,,,,,,,,,,104.385809,96.981371,7.404438,0,7.404438,-7.404438
491,104.385809,10.0.18.139,20.44.232.74,TCP,1494,63305  >  443 [ACK] Seq=12151 Ack=14827 Win=66048 Len=1440 [TCP segment of a reassembled PDU],,,,,,,,,,,,,104.385809,104.385809,0,0.000273,-0.000273,0.000546
492,104.385809,10.0.18.139,20.44.232.74,TLSv1.2,143,Application Data,,,,,,,,,,,,,104.386082,104.385809,0.000273,0,0.000273,-0.000273
493,104.386082,10.0.18.139,20.44.232.74,TCP,1494,63305  >  443 [ACK] Seq=13680 Ack=14827 Win=66048 Len=1440 [TCP segment of a reassembled PDU],,,,,,,,,,,,,104.386082,104.386082,0,0,0,0
494,104.386082,10.0.18.139,20.44.232.74,TCP,1494,63305  >  443 [ACK] Seq=15120 Ack=14827 Win=66048 Len=1440 [TCP segment of a reassembled PDU],,,,,,,,,,,,,104.386082,104.386082,0,0,0,0
495,104.386082,10.0.18.139,20.44.232.74,TCP,1494,63305  >  443 [ACK] Seq=16560 Ack=14827 Win=66048 Len=1440 [TCP segment of a reassembled PDU],,,,,,,,,,,,,104.386082,104.386082,0,0.028895,-0.028895,0.05779
496,104.386082,10.0.18.139,20.44.232.74,TLSv1.2,961,Application Data,,,,,,,,,,,,,104.414977,104.386082,0.028895,0.000815,0.02808,-0.027265
497,104.414977,20.44.232.74,10.0.18.139,TCP,60,443  >  63305 [ACK] Seq=14827 Ack=13680 Win=525568 Len=0,,,,,,,,,,,,,104.415792,104.414977,0.000815,0.024813,-0.023998,0.048811
498,104.415792,20.44.232.74,10.0.18.139,TCP,60,443  >  63305 [ACK] Seq=14827 Ack=16560 Win=525568 Len=0,,,,,,,,,,,,,104.440605,104.415792,0.024813,0.005373,0.01944,-0.014067
499,104.440605,20.44.232.74,10.0.18.139,TCP,60,443  >  63305 [ACK] Seq=14827 Ack=18907 Win=525568 Len=0,,,,,,,,,,,,,104.445978,104.440605,0.005373,0.001829,0.003544,-0.001715
500,104.445978,20.44.232.74,10.0.18.139,TCP,1514,443  >  63305 [ACK] Seq=14827 Ack=18907 Win=525568 Len=1460 [TCP segment of a reassembled PDU],,,,,,,,,,,,,104.447807,104.445978,0.001829,6.70E-05,0.001762,-0.001695
501,104.447807,20.44.232.74,10.0.18.139,TCP,1514,443  >  63305 [ACK] Seq=16287 Ack=18907 Win=525568 Len=1460 [TCP segment of a reassembled PDU],,,,,,,,,,,,,104.447874,104.447807,6.70E-05,0.000177,-0.00011,0.000287
502,104.447874,10.0.18.139,20.44.232.74,TCP,54,63305  >  443 [ACK] Seq=18907 Ack=17747 Win=66048 Len=0,,,,,,,,,,,,,104.448051,104.447874,0.000177,5.00E-05,0.000127,-7.70E-05
503,104.448051,20.44.232.74,10.0.18.139,TCP,1514,443  >  63305 [ACK] Seq=17747 Ack=18907 Win=525568 Len=1460 [TCP segment of a reassembled PDU],,,,,,,,,,,,,104.448101,104.448051,5.00E-05,4.90E-05,1.00E-06,4.80E-05
504,104.448101,20.44.232.74,10.0.18.139,TLSv1.2,1047,Application Data,,,,,,,,,,,,,104.44815,104.448101,4.90E-05,0.017103,-0.017054,0.034157
505,104.44815,10.0.18.139,20.44.232.74,TCP,54,63305  >  443 [ACK] Seq=18907 Ack=20200 Win=66048 Len=0,,,,,,,,,,,,,104.465253,104.44815,0.017103,0,0.017103,-0.017103
506,104.465253,10.0.18.139,20.44.232.74,TCP,1494,63304  >  443 [ACK] Seq=13361 Ack=13102 Win=64768 Len=1440 [TCP segment of a reassembled PDU],,,,,,,,,,,,,104.465253,104.465253,0,0.05706,-0.05706,0.11412
507,104.465253,10.0.18.139,20.44.232.74,TLSv1.2,130,Application Data,,,,,,,,,,,,,104.522313,104.465253,0.05706,0.030848,0.026212,0.004636
508,104.522313,20.44.232.74,10.0.18.139,TCP,60,443  >  63304 [ACK] Seq=13102 Ack=14877 Win=525568 Len=0,,,,,,,,,,,,,104.553161,104.522313,0.030848,0.040769,-0.009921,0.05069
509,104.553161,20.44.232.74,10.0.18.139,TLSv1.2,366,Application Data,,,,,,,,,,,,,104.59393,104.553161,0.040769,30.403913,-30.363144,60.767057
511,104.59393,10.0.18.139,20.44.232.74,TCP,54,63304  >  443 [ACK] Seq=14877 Ack=13414 Win=66048 Len=0,,,,,,,,,,,,,134.997843,104.59393,30.403913,0.032055,30.371858,-30.339803
593,134.997843,10.0.18.139,52.139.250.253,TLSv1.2,96,Application Data,,,,,,,,,,,,,135.029898,134.997843,0.032055,0.040992,-0.008937,0.049929
594,135.029898,52.139.250.253,10.0.18.139,TLSv1.2,227,Application Data,,,,,,,,,,,,,135.07089,135.029898,0.040992,0.571385,-0.530393,1.101778
595,135.07089,10.0.18.139,52.139.250.253,TCP,54,63292  >  443 [ACK] Seq=169 Ack=693 Win=253 Len=0,,,,,,,,,,,,,135.642275,135.07089,0.571385,0.088308,0.483077,-0.394769
605,135.642275,10.0.18.139,13.107.21.200,TCP,66,63307  >  443 [SYN] Seq=0 Win=65535 Len=0 MSS=1460 WS=256 SACK_PERM=1,,,,,,,,,,,,,135.730583,135.642275,0.088308,0.000201,0.088107,-0.087906
606,135.730583,13.107.21.200,10.0.18.139,TCP,66,"443  >  63307 [SYN, ACK] Seq=0 Ack=1 Win=65535 Len=0 MSS=1440 WS=256 SACK_PERM=1",,,,,,,,,,,,,135.730784,135.730583,0.000201,0.000525,-0.000324,0.000849
607,135.730784,10.0.18.139,13.107.21.200,TCP,54,63307  >  443 [ACK] Seq=1 Ack=1 Win=262144 Len=0,,,,,,,,,,,,,135.731309,135.730784,0.000525,0.094044,-0.093519,0.187563
608,135.731309,10.0.18.139,13.107.21.200,TLSv1.2,547,Client Hello,,,,,,,,,,,,,135.825353,135.731309,0.094044,0.013438,0.080606,-0.067168
609,135.825353,13.107.21.200,10.0.18.139,TCP,60,443  >  63307 [ACK] Seq=1 Ack=494 Win=525056 Len=0,,,,,,,,,,,,,135.838791,135.825353,0.013438,0.000128,0.01331,-0.013182
610,135.838791,13.107.21.200,10.0.18.139,TCP,1514,443  >  63307 [ACK] Seq=1 Ack=494 Win=525056 Len=1460 [TCP segment of a reassembled PDU],,,,,,,,,,,,,135.838919,135.838791,0.000128,0.00557,-0.005442,0.011012
611,135.838919,10.0.18.139,13.107.21.200,TCP,54,63307  >  443 [ACK] Seq=494 Ack=1461 Win=262144 Len=0,,,,,,,,,,,,,135.844489,135.838919,0.00557,0.000125,0.005445,-0.00532
612,135.844489,13.107.21.200,10.0.18.139,TCP,1514,443  >  63307 [ACK] Seq=1461 Ack=494 Win=525056 Len=1460 [TCP segment of a reassembled PDU],,,,,,,,,,,,,135.844614,135.844489,0.000125,0.00136,-0.001235,0.002595
613,135.844614,10.0.18.139,13.107.21.200,TCP,54,63307  >  443 [ACK] Seq=494 Ack=2921 Win=262144 Len=0,,,,,,,,,,,,,135.845974,135.844614,0.00136,8.70E-05,0.001273,-0.001186
614,135.845974,13.107.21.200,10.0.18.139,TCP,2974,443  >  63307 [ACK] Seq=2921 Ack=494 Win=525056 Len=2920 [TCP segment of a reassembled PDU],,,,,,,,,,,,,135.846061,135.845974,8.70E-05,0.01875,-0.018663,0.037413
615,135.846061,10.0.18.139,13.107.21.200,TCP,54,63307  >  443 [ACK] Seq=494 Ack=5841 Win=262144 Len=0,,,,,,,,,,,,,135.864811,135.846061,0.01875,0.000137,0.018613,-0.018476
616,135.864811,13.107.21.200,10.0.18.139,TCP,1514,443  >  63307 [ACK] Seq=5841 Ack=494 Win=525056 Len=1460 [TCP segment of a reassembled PDU],,,,,,,,,,,,,135.864948,135.864811,0.000137,0.025536,-0.025399,0.050935
617,135.864948,10.0.18.139,13.107.21.200,TCP,54,63307  >  443 [ACK] Seq=494 Ack=7301 Win=262144 Len=0,,,,,,,,,,,,,135.890484,135.864948,0.025536,0.000192,0.025344,-0.025152
618,135.890484,13.107.21.200,10.0.18.139,TLSv1.2,102,"Server Hello, Certificate, Certificate Status, Server Key Exchange, Server Hello Done",,,,,,,,,,,,,135.890676,135.890484,0.000192,0.000825,-0.000633,0.001458
619,135.890676,10.0.18.139,13.107.21.200,TCP,54,63307  >  443 [ACK] Seq=494 Ack=7349 Win=261888 Len=0,,,,,,,,,,,,,135.891501,135.890676,0.000825,0.07178,-0.070955,0.142735
620,135.891501,10.0.18.139,52.98.65.2,TCP,66,63308  >  443 [SYN] Seq=0 Win=65535 Len=0 MSS=1460 WS=256 SACK_PERM=1,,,,,,,,,,,,,135.963281,135.891501,0.07178,0.000661,0.071119,-0.070458
625,135.963281,10.0.18.139,13.107.21.200,TLSv1.2,212,"Client Key Exchange, Change Cipher Spec, Encrypted Handshake Message",,,,,,,,,,,,,135.963942,135.963281,0.000661,0.000237,0.000424,-0.000187
626,135.963942,10.0.18.139,13.107.21.200,TLSv1.2,141,Application Data,,,,,,,,,,,,,135.964179,135.963942,0.000237,0.045958,-0.045721,0.091679
627,135.964179,10.0.18.139,13.107.21.200,TLSv1.2,861,Application Data,,,,,,,,,,,,,136.010137,135.964179,0.045958,0.000222,0.045736,-0.045514
628,136.010137,52.98.65.2,10.0.18.139,TCP,66,"443  >  63308 [SYN, ACK] Seq=0 Ack=1 Win=65535 Len=0 MSS=1460 WS=256 SACK_PERM=1",,,,,,,,,,,,,136.010359,136.010137,0.000222,0.000775,-0.000553,0.001328
629,136.010359,10.0.18.139,52.98.65.2,TCP,54,63308  >  443 [ACK] Seq=1 Ack=1 Win=262144 Len=0,,,,,,,,,,,,,136.011134,136.010359,0.000775,0.058616,-0.057841,0.116457
630,136.011134,10.0.18.139,52.98.65.2,TLSv1.2,555,Client Hello,,,,,,,,,,,,,136.06975,136.011134,0.058616,0.000289,0.058327,-0.058038
631,136.06975,13.107.21.200,10.0.18.139,TCP,60,443  >  63307 [ACK] Seq=7349 Ack=739 Win=524800 Len=0,,,,,,,,,,,,,136.070039,136.06975,0.000289,0,0.000289,-0.000289
632,136.070039,13.107.21.200,10.0.18.139,TCP,60,443  >  63307 [ACK] Seq=7349 Ack=1546 Win=525568 Len=0,,,,,,,,,,,,,136.070039,136.070039,0,0.000119,-0.000119,0.000238
633,136.070039,13.107.21.200,10.0.18.139,TLSv1.2,380,"New Session Ticket, Change Cipher Spec, Encrypted Handshake Message",,,,,,,,,,,,,136.070158,136.070039,0.000119,0.009892,-0.009773,0.019665
634,136.070158,10.0.18.139,13.107.21.200,TCP,54,63307  >  443 [ACK] Seq=1546 Ack=7675 Win=261632 Len=0,,,,,,,,,,,,,136.08005,136.070158,0.009892,0.00013,0.009762,-0.009632
635,136.08005,13.107.21.200,10.0.18.139,TLSv1.2,123,Application Data,,,,,,,,,,,,,136.08018,136.08005,0.00013,0.000371,-0.000241,0.000612
636,136.08018,10.0.18.139,13.107.21.200,TCP,54,63307  >  443 [ACK] Seq=1546 Ack=7744 Win=261632 Len=0,,,,,,,,,,,,,136.080551,136.08018,0.000371,0.039372,-0.039001,0.078373
637,136.080551,10.0.18.139,13.107.21.200,TLSv1.2,92,Application Data,,,,,,,,,,,,,136.119923,136.080551,0.039372,0.00014,0.039232,-0.039092
638,136.119923,52.98.65.2,10.0.18.139,TLSv1.2,208,"Server Hello, Change Cipher Spec, Encrypted Handshake Message",,,,,,,,,,,,,136.120063,136.119923,0.00014,0.001314,-0.001174,0.002488
639,136.120063,10.0.18.139,52.98.65.2,TCP,54,63308  >  443 [ACK] Seq=502 Ack=155 Win=261888 Len=0,,,,,,,,,,,,,136.121377,136.120063,0.001314,0.004536,-0.003222,0.007758
640,136.121377,10.0.18.139,52.98.65.2,TLSv1.2,105,"Change Cipher Spec, Encrypted Handshake Message",,,,,,,,,,,,,136.125913,136.121377,0.004536,0.000265,0.004271,-0.004006
641,136.125913,10.0.18.139,52.98.65.2,TLSv1.2,141,Application Data,,,,,,,,,,,,,136.126178,136.125913,0.000265,0.004224,-0.003959,0.008183
642,136.126178,10.0.18.139,52.98.65.2,TLSv1.2,1047,Application Data,,,,,,,,,,,,,136.130402,136.126178,0.004224,0.000141,0.004083,-0.003942
643,136.130402,13.107.21.200,10.0.18.139,TLSv1.2,317,"Application Data, Application Data",,,,,,,,,,,,,136.130543,136.130402,0.000141,0.06047,-0.060329,0.120799
644,136.130543,10.0.18.139,13.107.21.200,TCP,54,63307  >  443 [ACK] Seq=1584 Ack=8007 Win=261376 Len=0,,,,,,,,,,,,,136.191013,136.130543,0.06047,0.024697,0.035773,-0.011076
645,136.191013,13.107.21.200,10.0.18.139,TCP,60,443  >  63307 [ACK] Seq=8007 Ack=1584 Win=525312 Len=0,,,,,,,,,,,,,136.21571,136.191013,0.024697,0.000145,0.024552,-0.024407
646,136.21571,52.98.65.2,10.0.18.139,TLSv1.2,123,Application Data,,,,,,,,,,,,,136.215855,136.21571,0.000145,0.000183,-3.80E-05,0.000221
647,136.215855,10.0.18.139,52.98.65.2,TCP,54,63308  >  443 [ACK] Seq=1633 Ack=224 Win=261888 Len=0,,,,,,,,,,,,,136.216038,136.215855,0.000183,0.019703,-0.01952,0.039223
648,136.216038,10.0.18.139,52.98.65.2,TLSv1.2,92,Application Data,,,,,,,,,,,,,136.235741,136.216038,0.019703,0.000154,0.019549,-0.019395
649,136.235741,52.98.65.2,10.0.18.139,TLSv1.2,92,Application Data,,,,,,,,,,,,,136.235895,136.235741,0.000154,0.11987,-0.119716,0.239586
650,136.235895,10.0.18.139,52.98.65.2,TCP,54,63308  >  443 [ACK] Seq=1671 Ack=262 Win=261632 Len=0,,,,,,,,,,,,,136.355765,136.235895,0.11987,0.224935,-0.105065,0.33
652,136.355765,52.98.65.2,10.0.18.139,TCP,60,443  >  63308 [ACK] Seq=262 Ack=1671 Win=525312 Len=0,,,,,,,,,,,,,136.5807,136.355765,0.224935,0.000124,0.224811,-0.224687
655,136.5807,52.98.65.2,10.0.18.139,TLSv1.2,815,Application Data,,,,,,,,,,,,,136.580824,136.5807,0.000124,0.000256,-0.000132,0.000388
656,136.580824,10.0.18.139,52.98.65.2,TCP,54,63308  >  443 [ACK] Seq=1671 Ack=1023 Win=261120 Len=0,,,,,,,,,,,,,136.58108,136.580824,0.000256,5.50E-05,0.000201,-0.000146
657,136.58108,52.98.65.2,10.0.18.139,TLSv1.2,92,Application Data,,,,,,,,,,,,,136.581135,136.58108,5.50E-05,2.266352,-2.266297,4.532649
658,136.581135,10.0.18.139,52.98.65.2,TCP,54,63308  >  443 [ACK] Seq=1671 Ack=1061 Win=260864 Len=0,,,,,,,,,,,,,138.847487,136.581135,2.266352,0.001547,2.264805,-2.263258
662,138.847487,10.0.18.139,13.107.21.200,TLSv1.2,1378,Application Data,,,,,,,,,,,,,138.849034,138.847487,0.001547,0,0.001547,-0.001547
663,138.849034,10.0.18.139,13.107.21.200,TCP,1494,63307  >  443 [ACK] Seq=2908 Ack=8007 Win=261376 Len=1440 [TCP segment of a reassembled PDU],,,,,,,,,,,,,138.849034,138.849034,0,0,0,0
664,138.849034,10.0.18.139,13.107.21.200,TCP,1494,63307  >  443 [ACK] Seq=4348 Ack=8007 Win=261376 Len=1440 [TCP segment of a reassembled PDU],,,,,,,,,,,,,138.849034,138.849034,0,0,0,0
665,138.849034,10.0.18.139,13.107.21.200,TCP,1494,63307  >  443 [ACK] Seq=5788 Ack=8007 Win=261376 Len=1440 [TCP segment of a reassembled PDU],,,,,,,,,,,,,138.849034,138.849034,0,0,0,0
666,138.849034,10.0.18.139,13.107.21.200,TCP,1494,63307  >  443 [ACK] Seq=7228 Ack=8007 Win=261376 Len=1440 [TCP segment of a reassembled PDU],,,,,,,,,,,,,138.849034,138.849034,0,0,0,0
667,138.849034,10.0.18.139,13.107.21.200,TCP,1494,63307  >  443 [ACK] Seq=8668 Ack=8007 Win=261376 Len=1440 [TCP segment of a reassembled PDU],,,,,,,,,,,,,138.849034,138.849034,0,0,0,0
668,138.849034,10.0.18.139,13.107.21.200,TCP,1494,63307  >  443 [ACK] Seq=10108 Ack=8007 Win=261376 Len=1440 [TCP segment of a reassembled PDU],,,,,,,,,,,,,138.849034,138.849034,0,0,0,0
669,138.849034,10.0.18.139,13.107.21.200,TCP,1494,63307  >  443 [ACK] Seq=11548 Ack=8007 Win=261376 Len=1440 [TCP segment of a reassembled PDU],,,,,,,,,,,,,138.849034,138.849034,0,0,0,0
670,138.849034,10.0.18.139,13.107.21.200,TCP,1494,63307  >  443 [ACK] Seq=12988 Ack=8007 Win=261376 Len=1440 [TCP segment of a reassembled PDU],,,,,,,,,,,,,138.849034,138.849034,0,0,0,0
671,138.849034,10.0.18.139,13.107.21.200,TCP,1494,63307  >  443 [ACK] Seq=14428 Ack=8007 Win=261376 Len=1440 [TCP segment of a reassembled PDU],,,,,,,,,,,,,138.849034,138.849034,0,0.099214,-0.099214,0.198428
672,138.849034,10.0.18.139,13.107.21.200,TCP,1494,63307  >  443 [ACK] Seq=15868 Ack=8007 Win=261376 Len=1440 [TCP segment of a reassembled PDU],,,,,,,,,,,,,138.948248,138.849034,0.099214,0,0.099214,-0.099214
673,138.948248,13.107.21.200,10.0.18.139,TCP,60,443  >  63307 [ACK] Seq=8007 Ack=2908 Win=524032 Len=0,,,,,,,,,,,,,138.948248,138.948248,0,0,0,0
674,138.948248,13.107.21.200,10.0.18.139,TCP,60,443  >  63307 [ACK] Seq=8007 Ack=4348 Win=525568 Len=0,,,,,,,,,,,,,138.948248,138.948248,0,0.000208,-0.000208,0.000416
675,138.948248,13.107.21.200,10.0.18.139,TCP,60,443  >  63307 [ACK] Seq=8007 Ack=5788 Win=524032 Len=0,,,,,,,,,,,,,138.948456,138.948248,0.000208,0,0.000208,-0.000208
676,138.948456,10.0.18.139,13.107.21.200,TCP,1494,63307  >  443 [ACK] Seq=17308 Ack=8007 Win=261376 Len=1440 [TCP segment of a reassembled PDU],,,,,,,,,,,,,138.948456,138.948456,0,0,0,0
677,138.948456,10.0.18.139,13.107.21.200,TLSv1.2,1494,Application Data [TCP segment of a reassembled PDU],,,,,,,,,,,,,138.948456,138.948456,0,0,0,0
678,138.948456,10.0.18.139,13.107.21.200,TCP,1494,63307  >  443 [ACK] Seq=20188 Ack=8007 Win=261376 Len=1440 [TCP segment of a reassembled PDU],,,,,,,,,,,,,138.948456,138.948456,0,0,0,0
679,138.948456,10.0.18.139,13.107.21.200,TCP,1494,63307  >  443 [ACK] Seq=21628 Ack=8007 Win=261376 Len=1440 [TCP segment of a reassembled PDU],,,,,,,,,,,,,138.948456,138.948456,0,0,0,0
680,138.948456,10.0.18.139,13.107.21.200,TCP,1494,63307  >  443 [ACK] Seq=23068 Ack=8007 Win=261376 Len=1440 [TCP segment of a reassembled PDU],,,,,,,,,,,,,138.948456,138.948456,0,0.000274,-0.000274,0.000548
681,138.948456,10.0.18.139,13.107.21.200,TCP,1494,63307  >  443 [ACK] Seq=24508 Ack=8007 Win=261376 Len=1440 [TCP segment of a reassembled PDU],,,,,,,,,,,,,138.94873,138.948456,0.000274,3.40E-05,0.00024,-0.000206
682,138.94873,13.107.21.200,10.0.18.139,TCP,60,443  >  63307 [ACK] Seq=8007 Ack=7228 Win=525568 Len=0,,,,,,,,,,,,,138.948764,138.94873,3.40E-05,0,3.40E-05,-3.40E-05
683,138.948764,10.0.18.139,13.107.21.200,TCP,1494,63307  >  443 [ACK] Seq=25948 Ack=8007 Win=261376 Len=1440 [TCP segment of a reassembled PDU],,,,,,,,,,,,,138.948764,138.948764,0,0.023419,-0.023419,0.046838
684,138.948764,10.0.18.139,13.107.21.200,TCP,1494,63307  >  443 [ACK] Seq=27388 Ack=8007 Win=261376 Len=1440 [TCP segment of a reassembled PDU],,,,,,,,,,,,,138.972183,138.948764,0.023419,0.000117,0.023302,-0.023185
685,138.972183,13.107.21.200,10.0.18.139,TCP,60,443  >  63307 [ACK] Seq=8007 Ack=8668 Win=524032 Len=0,,,,,,,,,,,,,138.9723,138.972183,0.000117,0.031162,-0.031045,0.062207
686,138.9723,10.0.18.139,13.107.21.200,TLSv1.2,516,"Application Data, Application Data",,,,,,,,,,,,,139.003462,138.9723,0.031162,0.024761,0.006401,0.01836
687,139.003462,13.107.21.200,10.0.18.139,TCP,60,443  >  63307 [ACK] Seq=8007 Ack=10108 Win=525568 Len=0,,,,,,,,,,,,,139.028223,139.003462,0.024761,0.044572,-0.019811,0.064383
688,139.028223,13.107.21.200,10.0.18.139,TCP,60,443  >  63307 [ACK] Seq=8007 Ack=11548 Win=524032 Len=0,,,,,,,,,,,,,139.072795,139.028223,0.044572,0.032227,0.012345,0.019882
689,139.072795,13.107.21.200,10.0.18.139,TCP,60,443  >  63307 [ACK] Seq=8007 Ack=12988 Win=525568 Len=0,,,,,,,,,,,,,139.105022,139.072795,0.032227,0.037803,-0.005576,0.043379
690,139.105022,13.107.21.200,10.0.18.139,TCP,60,443  >  63307 [ACK] Seq=8007 Ack=14428 Win=524032 Len=0,,,,,,,,,,,,,139.142825,139.105022,0.037803,0.020678,0.017125,0.003553
691,139.142825,13.107.21.200,10.0.18.139,TCP,60,443  >  63307 [ACK] Seq=8007 Ack=15868 Win=525568 Len=0,,,,,,,,,,,,,139.163503,139.142825,0.020678,0.035265,-0.014587,0.049852
692,139.163503,13.107.21.200,10.0.18.139,TCP,60,443  >  63307 [ACK] Seq=8007 Ack=17308 Win=524032 Len=0,,,,,,,,,,,,,139.198768,139.163503,0.035265,0.034111,0.001154,0.032957
693,139.198768,13.107.21.200,10.0.18.139,TCP,60,443  >  63307 [ACK] Seq=8007 Ack=18748 Win=525568 Len=0,,,,,,,,,,,,,139.232879,139.198768,0.034111,0.041017,-0.006906,0.047923
694,139.232879,13.107.21.200,10.0.18.139,TCP,60,443  >  63307 [ACK] Seq=8007 Ack=20188 Win=524032 Len=0,,,,,,,,,,,,,139.273896,139.232879,0.041017,0.026599,0.014418,0.012181
695,139.273896,13.107.21.200,10.0.18.139,TCP,60,443  >  63307 [ACK] Seq=8007 Ack=21628 Win=525568 Len=0,,,,,,,,,,,,,139.300495,139.273896,0.026599,0.116884,-0.090285,0.207169
696,139.300495,13.107.21.200,10.0.18.139,TCP,60,443  >  63307 [ACK] Seq=8007 Ack=23068 Win=524032 Len=0,,,,,,,,,,,,,139.417379,139.300495,0.116884,0.027675,0.089209,-0.061534
697,139.417379,13.107.21.200,10.0.18.139,TCP,60,443  >  63307 [ACK] Seq=8007 Ack=24508 Win=525568 Len=0,,,,,,,,,,,,,139.445054,139.417379,0.027675,0.004067,0.023608,-0.019541
698,139.445054,13.107.21.200,10.0.18.139,TCP,60,443  >  63307 [ACK] Seq=8007 Ack=25948 Win=524032 Len=0,,,,,,,,,,,,,139.449121,139.445054,0.004067,0.57316,-0.569093,1.142253
699,139.449121,13.107.21.200,10.0.18.139,TCP,66,[TCP Dup ACK 698#1] 443  >  63307 [ACK] Seq=8007 Ack=25948 Win=524032 Len=0 SLE=28828 SRE=29290,,,,,,,,,,,,,140.022281,139.449121,0.57316,0.110822,0.462338,-0.351516
700,140.022281,10.0.18.139,13.107.21.200,TCP,1494,"[TCP Retransmission] 63307  >  443 [PSH, ACK] Seq=27850 Ack=8007 Win=261376 Len=1440",,,,,,,,,,,,,140.133103,140.022281,0.110822,0.855163,-0.744341,1.599504
701,140.133103,13.107.21.200,10.0.18.139,TCP,74,[TCP Dup ACK 698#2] 443  >  63307 [ACK] Seq=8007 Ack=25948 Win=524032 Len=0 SLE=28828 SRE=29290 SLE=27850 SRE=29290,,,,,,,,,,,,,140.988266,140.133103,0.855163,0.189116,0.666047,-0.476931
702,140.988266,10.0.18.139,13.107.21.200,TCP,1494,[TCP Retransmission] 63307  >  443 [ACK] Seq=25948 Ack=8007 Win=261376 Len=1440,,,,,,,,,,,,,141.177382,140.988266,0.189116,0.056673,0.132443,-0.07577
704,141.177382,10.0.18.139,13.107.246.254,TCP,66,63309  >  443 [SYN] Seq=0 Win=65535 Len=0 MSS=1460 WS=256 SACK_PERM=1,,,,,,,,,,,,,141.234055,141.177382,0.056673,0.00013,0.056543,-0.056413
705,141.234055,13.107.21.200,10.0.18.139,TCP,66,443  >  63307 [ACK] Seq=8007 Ack=27388 Win=525568 Len=0 SLE=27850 SRE=29290,,,,,,,,,,,,,141.234185,141.234055,0.00013,0.050969,-0.050839,0.101808
706,141.234185,10.0.18.139,13.107.21.200,TCP,1494,[TCP Retransmission] 63307  >  443 [ACK] Seq=27388 Ack=8007 Win=261376 Len=1440,,,,,,,,,,,,,141.285154,141.234185,0.050969,-1.00E-06,0.05097,-0.050971
711,141.285154,10.0.18.139,23.74.232.112,TCP,66,63310  >  80 [SYN] Seq=0 Win=64240 Len=0 MSS=1460 WS=256 SACK_PERM=1,,,,,,,,,,,,,141.285153,141.285154,-1.00E-06,0.096066,-0.096067,0.192133
712,141.285153,10.0.18.139,104.111.207.233,TCP,66,63311  >  80 [SYN] Seq=0 Win=64240 Len=0 MSS=1460 WS=256 SACK_PERM=1,,,,,,,,,,,,,141.381219,141.285153,0.096066,0.000203,0.095863,-0.09566
713,141.381219,13.107.246.254,10.0.18.139,TCP,66,"443  >  63309 [SYN, ACK] Seq=0 Ack=1 Win=65535 Len=0 MSS=1440 WS=256 SACK_PERM=1",,,,,,,,,,,,,141.381422,141.381219,0.000203,0.00053,-0.000327,0.000857
714,141.381422,10.0.18.139,13.107.246.254,TCP,54,63309  >  443 [ACK] Seq=1 Ack=1 Win=262144 Len=0,,,,,,,,,,,,,141.381952,141.381422,0.00053,0.110783,-0.110253,0.221036
715,141.381952,10.0.18.139,13.107.246.254,TLSv1.2,552,Client Hello,,,,,,,,,,,,,141.492735,141.381952,0.110783,0.02376,0.087023,-0.063263
718,141.492735,13.107.21.200,10.0.18.139,TCP,66,443  >  63307 [ACK] Seq=8007 Ack=29290 Win=525568 Len=0 SLE=27850 SRE=28828,,,,,,,,,,,,,141.516495,141.492735,0.02376,0.000113,0.023647,-0.023534
719,141.516495,13.107.21.200,10.0.18.139,TLSv1.2,198,Application Data,,,,,,,,,,,,,141.516608,141.516495,0.000113,0.130877,-0.130764,0.261641
720,141.516608,10.0.18.139,13.107.21.200,TCP,54,63307  >  443 [ACK] Seq=29290 Ack=8151 Win=261120 Len=0,,,,,,,,,,,,,141.647485,141.516608,0.130877,0.000113,0.130764,-0.130651
721,141.647485,13.107.246.254,10.0.18.139,TCP,60,443  >  63309 [ACK] Seq=1 Ack=499 Win=525056 Len=0,,,,,,,,,,,,,141.647598,141.647485,0.000113,7.70E-05,3.60E-05,4.10E-05
722,141.647598,13.107.246.254,10.0.18.139,TLSv1.2,212,"Server Hello, Change Cipher Spec, Encrypted Handshake Message",,,,,,,,,,,,,141.647675,141.647598,7.70E-05,0.000807,-0.00073,0.001537
723,141.647675,10.0.18.139,13.107.246.254,TCP,54,63309  >  443 [ACK] Seq=499 Ack=159 Win=261888 Len=0,,,,,,,,,,,,,141.648482,141.647675,0.000807,0.033271,-0.032464,0.065735
724,141.648482,10.0.18.139,13.107.246.254,TLSv1.2,105,"Change Cipher Spec, Encrypted Handshake Message",,,,,,,,,,,,,141.681753,141.648482,0.033271,0.000212,0.033059,-0.032847
725,141.681753,104.111.207.233,10.0.18.139,TCP,66,"80  >  63311 [SYN, ACK] Seq=0 Ack=1 Win=29200 Len=0 MSS=1460 SACK_PERM=1 WS=128",,,,,,,,,,,,,141.681965,141.681753,0.000212,0.000387,-0.000175,0.000562
726,141.681965,10.0.18.139,104.111.207.233,TCP,54,63311  >  80 [ACK] Seq=1 Ack=1 Win=65536 Len=0,,,,,,,,,,,,,141.682352,141.681965,0.000387,0.004717,-0.00433,0.009047
727,141.682352,10.0.18.139,104.111.207.233,HTTP,267,GET /id-ID/livetile/preinstall?region=ID&appid=C98EA5B0842DBB9405BBF071E1DA76512D21FE36&FORM=Threshold HTTP/1.1 ,,,,,,,,,,,,,141.687069,141.682352,0.004717,0.00018,0.004537,-0.004357
728,141.687069,10.0.18.139,13.107.246.254,TLSv1.2,141,Application Data,,,,,,,,,,,,,141.687249,141.687069,0.00018,0.227847,-0.227667,0.455514
729,141.687249,10.0.18.139,13.107.246.254,TLSv1.2,559,Application Data,,,,,,,,,,,,,141.915096,141.687249,0.227847,0.000908,0.226939,-0.226031
732,141.915096,13.107.246.254,10.0.18.139,TCP,60,443  >  63309 [ACK] Seq=159 Ack=550 Win=524800 Len=0,,,,,,,,,,,,,141.916004,141.915096,0.000908,0.000121,0.000787,-0.000666
733,141.916004,13.107.246.254,10.0.18.139,TLSv1.2,123,Application Data,,,,,,,,,,,,,141.916125,141.916004,0.000121,0.000152,-3.10E-05,0.000183
734,141.916125,10.0.18.139,13.107.246.254,TCP,54,63309  >  443 [ACK] Seq=1142 Ack=228 Win=261888 Len=0,,,,,,,,,,,,,141.916277,141.916125,0.000152,0.035783,-0.035631,0.071414
735,141.916277,10.0.18.139,13.107.246.254,TLSv1.2,92,Application Data,,,,,,,,,,,,,141.95206,141.916277,0.035783,0,0.035783,-0.035783
736,141.95206,13.107.246.254,10.0.18.139,TCP,60,443  >  63309 [ACK] Seq=228 Ack=637 Win=524800 Len=0,,,,,,,,,,,,,141.95206,141.95206,0,0.000151,-0.000151,0.000302
737,141.95206,13.107.246.254,10.0.18.139,TLSv1.2,92,Application Data,,,,,,,,,,,,,141.952211,141.95206,0.000151,0.001602,-0.001451,0.003053
738,141.952211,10.0.18.139,13.107.246.254,TCP,54,63309  >  443 [ACK] Seq=1180 Ack=266 Win=261632 Len=0,,,,,,,,,,,,,141.953813,141.952211,0.001602,0.000123,0.001479,-0.001356
739,141.953813,13.107.246.254,10.0.18.139,TLSv1.2,543,Application Data,,,,,,,,,,,,,141.953936,141.953813,0.000123,0.000266,-0.000143,0.000409
740,141.953936,10.0.18.139,13.107.246.254,TCP,54,63309  >  443 [ACK] Seq=1180 Ack=755 Win=261376 Len=0,,,,,,,,,,,,,141.954202,141.953936,0.000266,5.60E-05,0.00021,-0.000154
741,141.954202,13.107.246.254,10.0.18.139,TLSv1.2,92,Application Data,,,,,,,,,,,,,141.954258,141.954202,5.60E-05,0.005653,-0.005597,0.01125
742,141.954258,10.0.18.139,13.107.246.254,TCP,54,63309  >  443 [ACK] Seq=1180 Ack=793 Win=261120 Len=0,,,,,,,,,,,,,141.959911,141.954258,0.005653,0.026134,-0.020481,0.046615
743,141.959911,10.0.18.139,13.107.246.254,TLSv1.2,137,Application Data,,,,,,,,,,,,,141.986045,141.959911,0.026134,0.115034,-0.0889,0.203934
744,141.986045,10.0.18.139,172.217.194.188,TCP,55,[TCP Keep-Alive] 63302  >  5228 [ACK] Seq=1 Ack=1 Win=256 Len=1,,,,,,,,,,,,,142.101079,141.986045,0.115034,0,0.115034,-0.115034
756,142.101079,104.111.207.233,10.0.18.139,TCP,60,80  >  63311 [ACK] Seq=1 Ack=214 Win=30336 Len=0,,,,,,,,,,,,,142.101079,142.101079,0,0.00296,-0.00296,0.00592
757,142.101079,104.111.207.233,10.0.18.139,TCP,1514,80  >  63311 [ACK] Seq=1 Ack=214 Win=30336 Len=1460 [TCP segment of a reassembled PDU],,,,,,,,,,,,,142.104039,142.101079,0.00296,0.000115,0.002845,-0.00273
758,142.104039,104.111.207.233,10.0.18.139,TCP,1514,80  >  63311 [ACK] Seq=1461 Ack=214 Win=30336 Len=1460 [TCP segment of a reassembled PDU],,,,,,,,,,,,,142.104154,142.104039,0.000115,0.008944,-0.008829,0.017773
759,142.104154,10.0.18.139,104.111.207.233,TCP,54,63311  >  80 [ACK] Seq=214 Ack=2921 Win=65536 Len=0,,,,,,,,,,,,,142.113098,142.104154,0.008944,0,0.008944,-0.008944
760,142.113098,104.111.207.233,10.0.18.139,TCP,1514,80  >  63311 [ACK] Seq=2921 Ack=214 Win=30336 Len=1460 [TCP segment of a reassembled PDU],,,,,,,,,,,,,142.113098,142.113098,0,0.000148,-0.000148,0.000296
761,142.113098,104.111.207.233,10.0.18.139,HTTP/XML,243,HTTP/1.1 200 OK ,,,,,,,,,,,,,142.113246,142.113098,0.000148,0.06298,-0.062832,0.125812
762,142.113246,10.0.18.139,104.111.207.233,TCP,54,63311  >  80 [ACK] Seq=214 Ack=4570 Win=65536 Len=0,,,,,,,,,,,,,142.176226,142.113246,0.06298,0.04384,0.01914,0.0247
763,142.176226,13.107.246.254,10.0.18.139,TCP,60,443  >  63309 [ACK] Seq=793 Ack=1180 Win=524288 Len=0,,,,,,,,,,,,,142.220066,142.176226,0.04384,0.010174,0.033666,-0.023492
764,142.220066,13.107.246.254,10.0.18.139,TCP,60,443  >  63309 [ACK] Seq=793 Ack=1263 Win=524288 Len=0,,,,,,,,,,,,,142.23024,142.220066,0.010174,0.000127,0.010047,-0.00992
766,142.23024,13.107.246.254,10.0.18.139,TLSv1.2,229,Application Data,,,,,,,,,,,,,142.230367,142.23024,0.000127,0.000635,-0.000508,0.001143
767,142.230367,10.0.18.139,13.107.246.254,TCP,54,63309  >  443 [ACK] Seq=1263 Ack=968 Win=261120 Len=0,,,,,,,,,,,,,142.231002,142.230367,0.000635,9.90E-05,0.000536,-0.000437
768,142.231002,13.107.246.254,10.0.18.139,TLSv1.2,92,Application Data,,,,,,,,,,,,,142.231101,142.231002,9.90E-05,0.011972,-0.011873,0.023845
769,142.231101,10.0.18.139,13.107.246.254,TCP,54,63309  >  443 [ACK] Seq=1263 Ack=1006 Win=261120 Len=0,,,,,,,,,,,,,142.243073,142.231101,0.011972,0.031469,-0.019497,0.050966
770,142.243073,172.217.194.188,10.0.18.139,TCP,66,[TCP Keep-Alive ACK] 5228  >  63302 [ACK] Seq=1 Ack=2 Win=265 Len=0 SLE=1 SRE=2,,,,,,,,,,,,,142.274542,142.243073,0.031469,0.011402,0.020067,-0.008665
773,142.274542,10.0.18.139,13.107.140.254,TCP,66,63312  >  443 [SYN] Seq=0 Win=65535 Len=0 MSS=1460 WS=256 SACK_PERM=1,,,,,,,,,,,,,142.285944,142.274542,0.011402,0.138074,-0.126672,0.264746
778,142.285944,10.0.18.139,23.74.232.112,TCP,66,[TCP Retransmission] 63310  >  80 [SYN] Seq=0 Win=64240 Len=0 MSS=1460 WS=256 SACK_PERM=1,,,,,,,,,,,,,142.424018,142.285944,0.138074,0.00021,0.137864,-0.137654
784,142.424018,13.107.140.254,10.0.18.139,TCP,66,"443  >  63312 [SYN, ACK] Seq=0 Ack=1 Win=65535 Len=0 MSS=1440 WS=256 SACK_PERM=1",,,,,,,,,,,,,142.424228,142.424018,0.00021,0.000896,-0.000686,0.001582
785,142.424228,10.0.18.139,13.107.140.254,TCP,54,63312  >  443 [ACK] Seq=1 Ack=1 Win=262144 Len=0,,,,,,,,,,,,,142.425124,142.424228,0.000896,0.143663,-0.142767,0.28643
786,142.425124,10.0.18.139,13.107.140.254,TLSv1.2,260,Client Hello,,,,,,,,,,,,,142.568787,142.425124,0.143663,0.001115,0.142548,-0.141433
791,142.568787,13.107.140.254,10.0.18.139,TCP,60,443  >  63312 [ACK] Seq=1 Ack=207 Win=262400 Len=0,,,,,,,,,,,,,142.569902,142.568787,0.001115,0.000125,0.00099,-0.000865
792,142.569902,13.107.140.254,10.0.18.139,TCP,1514,443  >  63312 [ACK] Seq=1 Ack=207 Win=262400 Len=1460 [TCP segment of a reassembled PDU],,,,,,,,,,,,,142.570027,142.569902,0.000125,0.00902,-0.008895,0.017915
793,142.570027,10.0.18.139,13.107.140.254,TCP,54,63312  >  443 [ACK] Seq=207 Ack=1461 Win=262144 Len=0,,,,,,,,,,,,,142.579047,142.570027,0.00902,0.000112,0.008908,-0.008796
794,142.579047,13.107.140.254,10.0.18.139,TCP,1514,443  >  63312 [ACK] Seq=1461 Ack=207 Win=262400 Len=1460 [TCP segment of a reassembled PDU],,,,,,,,,,,,,142.579159,142.579047,0.000112,0.001418,-0.001306,0.002724
795,142.579159,10.0.18.139,13.107.140.254,TCP,54,63312  >  443 [ACK] Seq=207 Ack=2921 Win=262144 Len=0,,,,,,,,,,,,,142.580577,142.579159,0.001418,3.90E-05,0.001379,-0.00134
796,142.580577,13.107.140.254,10.0.18.139,TCP,1514,443  >  63312 [ACK] Seq=2921 Ack=207 Win=262400 Len=1460 [TCP segment of a reassembled PDU],,,,,,,,,,,,,142.580616,142.580577,3.90E-05,0.000233,-0.000194,0.000427
797,142.580616,10.0.18.139,13.107.140.254,TCP,54,63312  >  443 [ACK] Seq=207 Ack=4381 Win=262144 Len=0,,,,,,,,,,,,,142.580849,142.580616,0.000233,3.00E-05,0.000203,-0.000173
798,142.580849,13.107.140.254,10.0.18.139,TCP,1514,443  >  63312 [ACK] Seq=4381 Ack=207 Win=262400 Len=1460 [TCP segment of a reassembled PDU],,,,,,,,,,,,,142.580879,142.580849,3.00E-05,0.012286,-0.012256,0.024542
799,142.580879,10.0.18.139,13.107.140.254,TCP,54,63312  >  443 [ACK] Seq=207 Ack=5841 Win=262144 Len=0,,,,,,,,,,,,,142.593165,142.580879,0.012286,0.000116,0.01217,-0.012054
800,142.593165,13.107.140.254,10.0.18.139,TLSv1.2,429,"Server Hello, Certificate, Certificate Status, Server Key Exchange, Server Hello Done",,,,,,,,,,,,,142.593281,142.593165,0.000116,0.040111,-0.039995,0.080106
801,142.593281,10.0.18.139,13.107.140.254,TCP,54,63312  >  443 [ACK] Seq=207 Ack=6216 Win=261632 Len=0,,,,,,,,,,,,,142.633392,142.593281,0.040111,0.00088,0.039231,-0.038351
802,142.633392,10.0.18.139,13.107.140.254,TLSv1.2,212,"Client Key Exchange, Change Cipher Spec, Encrypted Handshake Message",,,,,,,,,,,,,142.634272,142.633392,0.00088,0.000233,0.000647,-0.000414
803,142.634272,10.0.18.139,13.107.140.254,TLSv1.2,141,Application Data,,,,,,,,,,,,,142.634505,142.634272,0.000233,0.055803,-0.05557,0.111373
804,142.634505,10.0.18.139,13.107.140.254,TLSv1.2,557,Application Data,,,,,,,,,,,,,142.690308,142.634505,0.055803,0.000202,0.055601,-0.055399
809,142.690308,23.74.232.112,10.0.18.139,TCP,66,"80  >  63310 [SYN, ACK] Seq=0 Ack=1 Win=29200 Len=0 MSS=1460 SACK_PERM=1 WS=128",,,,,,,,,,,,,142.69051,142.690308,0.000202,0.000186,1.60E-05,0.00017
810,142.69051,10.0.18.139,23.74.232.112,TCP,54,63310  >  80 [ACK] Seq=1 Ack=1 Win=65536 Len=0,,,,,,,,,,,,,142.690696,142.69051,0.000186,0.160582,-0.160396,0.320978
811,142.690696,10.0.18.139,23.74.232.112,HTTP,269,GET /singletile/summary/alias/experiencebyname/today?market=id-ID&source=appxmanifest&tenant=amp&vertical=news HTTP/1.1 ,,,,,,,,,,,,,142.851278,142.690696,0.160582,0.001029,0.159553,-0.158524
814,142.851278,13.107.140.254,10.0.18.139,TCP,60,443  >  63312 [ACK] Seq=6216 Ack=365 Win=262400 Len=0,,,,,,,,,,,,,142.852307,142.851278,0.001029,0,0.001029,-0.001029
815,142.852307,13.107.140.254,10.0.18.139,TCP,60,443  >  63312 [ACK] Seq=6216 Ack=452 Win=262144 Len=0,,,,,,,,,,,,,142.852307,142.852307,0,0.000176,-0.000176,0.000352
816,142.852307,13.107.140.254,10.0.18.139,TCP,60,443  >  63312 [ACK] Seq=6216 Ack=955 Win=261632 Len=0,,,,,,,,,,,,,142.852483,142.852307,0.000176,0,0.000176,-0.000176
817,142.852483,13.107.140.254,10.0.18.139,TLSv1.2,380,"New Session Ticket, Change Cipher Spec, Encrypted Handshake Message",,,,,,,,,,,,,142.852483,142.852483,0,8.60E-05,-8.60E-05,0.000172
818,142.852483,13.107.140.254,10.0.18.139,TLSv1.2,123,Application Data,,,,,,,,,,,,,142.852569,142.852483,8.60E-05,0.001325,-0.001239,0.002564
819,142.852569,10.0.18.139,13.107.140.254,TCP,54,63312  >  443 [ACK] Seq=955 Ack=6611 Win=261120 Len=0,,,,,,,,,,,,,142.853894,142.852569,0.001325,0.013603,-0.012278,0.025881
820,142.853894,10.0.18.139,13.107.140.254,TLSv1.2,92,Application Data,,,,,,,,,,,,,142.867497,142.853894,0.013603,0.000116,0.013487,-0.013371
821,142.867497,13.107.140.254,10.0.18.139,TLSv1.2,579,"Application Data, Application Data",,,,,,,,,,,,,142.867613,142.867497,0.000116,0.000142,-2.60E-05,0.000168
822,142.867613,10.0.18.139,13.107.140.254,TCP,54,63312  >  443 [ACK] Seq=993 Ack=7136 Win=260608 Len=0,,,,,,,,,,,,,142.867755,142.867613,0.000142,3.90E-05,0.000103,-6.40E-05
823,142.867755,13.107.140.254,10.0.18.139,TLSv1.2,92,Application Data,,,,,,,,,,,,,142.867794,142.867755,3.90E-05,0.004111,-0.004072,0.008183
824,142.867794,10.0.18.139,13.107.140.254,TCP,54,63312  >  443 [ACK] Seq=993 Ack=7174 Win=260608 Len=0,,,,,,,,,,,,,142.871905,142.867794,0.004111,0.200205,-0.196094,0.396299
825,142.871905,10.0.18.139,13.107.140.254,TLSv1.2,137,Application Data,,,,,,,,,,,,,143.07211,142.871905,0.200205,0.012118,0.188087,-0.175969
830,143.07211,13.107.140.254,10.0.18.139,TCP,60,443  >  63312 [ACK] Seq=7174 Ack=993 Win=261632 Len=0,,,,,,,,,,,,,143.084228,143.07211,0.012118,0.00051,0.011608,-0.011098
831,143.084228,13.107.140.254,10.0.18.139,TCP,60,443  >  63312 [ACK] Seq=7174 Ack=1076 Win=261632 Len=0,,,,,,,,,,,,,143.084738,143.084228,0.00051,7.10E-05,0.000439,-0.000368
832,143.084738,13.107.140.254,10.0.18.139,TLSv1.2,229,Application Data,,,,,,,,,,,,,143.084809,143.084738,7.10E-05,0.004496,-0.004425,0.008921
833,143.084809,10.0.18.139,13.107.140.254,TCP,54,63312  >  443 [ACK] Seq=1076 Ack=7349 Win=262144 Len=0,,,,,,,,,,,,,143.089305,143.084809,0.004496,0.000132,0.004364,-0.004232
834,143.089305,13.107.140.254,10.0.18.139,TLSv1.2,92,Application Data,,,,,,,,,,,,,143.089437,143.089305,0.000132,0.007982,-0.00785,0.015832
835,143.089437,10.0.18.139,13.107.140.254,TCP,54,63312  >  443 [ACK] Seq=1076 Ack=7387 Win=261888 Len=0,,,,,,,,,,,,,143.097419,143.089437,0.007982,0.008696,-0.000714,0.00941
836,143.097419,23.74.232.112,10.0.18.139,TCP,60,80  >  63310 [ACK] Seq=1 Ack=216 Win=30336 Len=0,,,,,,,,,,,,,143.106115,143.097419,0.008696,0.012471,-0.003775,0.016246
837,143.106115,23.74.232.112,10.0.18.139,HTTP,321,HTTP/1.1 301 Moved Permanently ,,,,,,,,,,,,,143.118586,143.106115,0.012471,0.027461,-0.01499,0.042451
839,143.118586,10.0.18.139,52.113.196.254,TCP,66,63313  >  443 [SYN] Seq=0 Win=65535 Len=0 MSS=1460 WS=256 SACK_PERM=1,,,,,,,,,,,,,143.146047,143.118586,0.027461,0.008877,0.018584,-0.009707
840,143.146047,10.0.18.139,23.74.232.112,TCP,54,63310  >  80 [ACK] Seq=216 Ack=268 Win=65280 Len=0,,,,,,,,,,,,,143.154924,143.146047,0.008877,0.1566,-0.147723,0.304323
842,143.154924,10.0.18.139,23.75.23.89,TCP,66,63314  >  443 [SYN] Seq=0 Win=64240 Len=0 MSS=1460 WS=256 SACK_PERM=1,,,,,,,,,,,,,143.311524,143.154924,0.1566,0.000311,0.156289,-0.155978
843,143.311524,52.113.196.254,10.0.18.139,TCP,66,"443  >  63313 [SYN, ACK] Seq=0 Ack=1 Win=65535 Len=0 MSS=1440 WS=256 SACK_PERM=1",,,,,,,,,,,,,143.311835,143.311524,0.000311,0.001312,-0.001001,0.002313
844,143.311835,10.0.18.139,52.113.196.254,TCP,54,63313  >  443 [ACK] Seq=1 Ack=1 Win=262144 Len=0,,,,,,,,,,,,,143.313147,143.311835,0.001312,0.253746,-0.252434,0.50618
845,143.313147,10.0.18.139,52.113.196.254,TLSv1.2,556,Client Hello,,,,,,,,,,,,,143.566893,143.313147,0.253746,0.002858,0.250888,-0.24803
848,143.566893,52.113.196.254,10.0.18.139,TCP,60,443  >  63313 [ACK] Seq=1 Ack=503 Win=262144 Len=0,,,,,,,,,,,,,143.569751,143.566893,0.002858,0.000121,0.002737,-0.002616
849,143.569751,52.113.196.254,10.0.18.139,TLSv1.2,212,"Server Hello, Change Cipher Spec, Encrypted Handshake Message",,,,,,,,,,,,,143.569872,143.569751,0.000121,0.001367,-0.001246,0.002613
850,143.569872,10.0.18.139,52.113.196.254,TCP,54,63313  >  443 [ACK] Seq=503 Ack=159 Win=261888 Len=0,,,,,,,,,,,,,143.571239,143.569872,0.001367,0.00791,-0.006543,0.014453
851,143.571239,10.0.18.139,52.113.196.254,TLSv1.2,105,"Change Cipher Spec, Encrypted Handshake Message",,,,,,,,,,,,,143.579149,143.571239,0.00791,0.000236,0.007674,-0.007438
852,143.579149,10.0.18.139,52.113.196.254,TLSv1.2,141,Application Data,,,,,,,,,,,,,143.579385,143.579149,0.000236,0.022259,-0.022023,0.044282
853,143.579385,10.0.18.139,52.113.196.254,TLSv1.2,560,Application Data,,,,,,,,,,,,,143.601644,143.579385,0.022259,0.000195,0.022064,-0.021869
854,143.601644,23.75.23.89,10.0.18.139,TCP,66,"443  >  63314 [SYN, ACK] Seq=0 Ack=1 Win=29200 Len=0 MSS=1460 SACK_PERM=1 WS=128",,,,,,,,,,,,,143.601839,143.601644,0.000195,0.000705,-0.00051,0.001215
855,143.601839,10.0.18.139,23.75.23.89,TCP,54,63314  >  443 [ACK] Seq=1 Ack=1 Win=65536 Len=0,,,,,,,,,,,,,143.602544,143.601839,0.000705,0.223692,-0.222987,0.446679
856,143.602544,10.0.18.139,23.75.23.89,TLSv1.2,229,Client Hello,,,,,,,,,,,,,143.826236,143.602544,0.223692,0.001379,0.222313,-0.220934
858,143.826236,52.113.196.254,10.0.18.139,TCP,60,443  >  63313 [ACK] Seq=159 Ack=554 Win=262144 Len=0,,,,,,,,,,,,,143.827615,143.826236,0.001379,0.00011,0.001269,-0.001159
859,143.827615,52.113.196.254,10.0.18.139,TLSv1.2,123,Application Data,,,,,,,,,,,,,143.827725,143.827615,0.00011,0.000174,-6.40E-05,0.000238
860,143.827725,10.0.18.139,52.113.196.254,TCP,54,63313  >  443 [ACK] Seq=1147 Ack=228 Win=261888 Len=0,,,,,,,,,,,,,143.827899,143.827725,0.000174,0.009938,-0.009764,0.019702
861,143.827899,10.0.18.139,52.113.196.254,TLSv1.2,92,Application Data,,,,,,,,,,,,,143.837837,143.827899,0.009938,0.000495,0.009443,-0.008948
862,143.837837,52.113.196.254,10.0.18.139,TCP,60,443  >  63313 [ACK] Seq=228 Ack=641 Win=262144 Len=0,,,,,,,,,,,,,143.838332,143.837837,0.000495,8.70E-05,0.000408,-0.000321
863,143.838332,52.113.196.254,10.0.18.139,TLSv1.2,92,Application Data,,,,,,,,,,,,,143.838419,143.838332,8.70E-05,0.010767,-0.01068,0.021447
864,143.838419,10.0.18.139,52.113.196.254,TCP,54,63313  >  443 [ACK] Seq=1185 Ack=266 Win=261632 Len=0,,,,,,,,,,,,,143.849186,143.838419,0.010767,0.000133,0.010634,-0.010501
865,143.849186,52.113.196.254,10.0.18.139,TLSv1.2,540,Application Data,,,,,,,,,,,,,143.849319,143.849186,0.000133,0.001136,-0.001003,0.002139
866,143.849319,10.0.18.139,52.113.196.254,TCP,54,63313  >  443 [ACK] Seq=1185 Ack=752 Win=261376 Len=0,,,,,,,,,,,,,143.850455,143.849319,0.001136,7.40E-05,0.001062,-0.000988
867,143.850455,52.113.196.254,10.0.18.139,TLSv1.2,92,Application Data,,,,,,,,,,,,,143.850529,143.850455,7.40E-05,0.003487,-0.003413,0.0069
868,143.850529,10.0.18.139,52.113.196.254,TCP,54,63313  >  443 [ACK] Seq=1185 Ack=790 Win=261120 Len=0,,,,,,,,,,,,,143.854016,143.850529,0.003487,0.191617,-0.18813,0.379747
869,143.854016,10.0.18.139,52.113.196.254,TLSv1.2,138,Application Data,,,,,,,,,,,,,144.045633,143.854016,0.191617,0.00238,0.189237,-0.186857
870,144.045633,23.75.23.89,10.0.18.139,TCP,60,443  >  63314 [ACK] Seq=1 Ack=176 Win=30336 Len=0,,,,,,,,,,,,,144.048013,144.045633,0.00238,0.008168,-0.005788,0.013956
871,144.048013,23.75.23.89,10.0.18.139,TLSv1.2,1514,Server Hello,,,,,,,,,,,,,144.056181,144.048013,0.008168,0.000177,0.007991,-0.007814
872,144.056181,23.75.23.89,10.0.18.139,TLSv1.2,1514,"[TCP Previous segment not captured] , Ignored Unknown Record",,,,,,,,,,,,,144.056358,144.056181,0.000177,0.021641,-0.021464,0.043105
873,144.056358,10.0.18.139,23.75.23.89,TCP,66,63314  >  443 [ACK] Seq=176 Ack=1461 Win=65536 Len=0 SLE=4097 SRE=5557,,,,,,,,,,,,,144.077999,144.056358,0.021641,0.039478,-0.017837,0.057315
874,144.077999,52.113.196.254,10.0.18.139,TCP,60,443  >  63313 [ACK] Seq=790 Ack=1185 Win=261376 Len=0,,,,,,,,,,,,,144.117477,144.077999,0.039478,0.000776,0.038702,-0.037926
875,144.117477,52.113.196.254,10.0.18.139,TCP,60,443  >  63313 [ACK] Seq=790 Ack=1269 Win=261376 Len=0,,,,,,,,,,,,,144.118253,144.117477,0.000776,0,0.000776,-0.000776
876,144.118253,52.113.196.254,10.0.18.139,TLSv1.2,229,Application Data,,,,,,,,,,,,,144.118253,144.118253,0,9.20E-05,-9.20E-05,0.000184
877,144.118253,52.113.196.254,10.0.18.139,TLSv1.2,92,Application Data,,,,,,,,,,,,,144.118345,144.118253,9.20E-05,0.005144,-0.005052,0.010196
878,144.118345,10.0.18.139,52.113.196.254,TCP,54,63313  >  443 [ACK] Seq=1269 Ack=1003 Win=261120 Len=0,,,,,,,,,,,,,144.123489,144.118345,0.005144,0.032396,-0.027252,0.059648
879,144.123489,10.0.18.139,204.79.197.222,TCP,66,63315  >  443 [SYN] Seq=0 Win=65535 Len=0 MSS=1460 WS=256 SACK_PERM=1,,,,,,,,,,,,,144.155885,144.123489,0.032396,0.000426,0.03197,-0.031544
880,144.155885,10.0.18.139,13.107.21.200,TLSv1.2,138,Application Data,,,,,,,,,,,,,144.156311,144.155885,0.000426,0,0.000426,-0.000426
881,144.156311,10.0.18.139,13.107.21.200,TCP,1494,63307  >  443 [ACK] Seq=29374 Ack=8151 Win=261120 Len=1440 [TCP segment of a reassembled PDU],,,,,,,,,,,,,144.156311,144.156311,0,0.000151,-0.000151,0.000302
882,144.156311,10.0.18.139,13.107.21.200,TLSv1.2,916,Application Data,,,,,,,,,,,,,144.156462,144.156311,0.000151,0.121618,-0.121467,0.243085
883,144.156462,10.0.18.139,13.107.21.200,TLSv1.2,92,Application Data,,,,,,,,,,,,,144.27808,144.156462,0.121618,0.000303,0.121315,-0.121012
884,144.27808,204.79.197.222,10.0.18.139,TCP,66,"443  >  63315 [SYN, ACK] Seq=0 Ack=1 Win=65535 Len=0 MSS=1440 WS=256 SACK_PERM=1",,,,,,,,,,,,,144.278383,144.27808,0.000303,0.000257,4.60E-05,0.000211
885,144.278383,10.0.18.139,204.79.197.222,TCP,54,63315  >  443 [ACK] Seq=1 Ack=1 Win=262144 Len=0,,,,,,,,,,,,,144.27864,144.278383,0.000257,0,0.000257,-0.000257
886,144.27864,13.107.21.200,10.0.18.139,TCP,60,443  >  63307 [ACK] Seq=8151 Ack=29374 Win=525312 Len=0,,,,,,,,,,,,,144.27864,144.27864,0,0,0,0
887,144.27864,13.107.21.200,10.0.18.139,TCP,60,443  >  63307 [ACK] Seq=8151 Ack=31676 Win=525568 Len=0,,,,,,,,,,,,,144.27864,144.27864,0,0.001143,-0.001143,0.002286
888,144.27864,13.107.21.200,10.0.18.139,TCP,60,443  >  63307 [ACK] Seq=8151 Ack=31714 Win=525312 Len=0,,,,,,,,,,,,,144.279783,144.27864,0.001143,0.021794,-0.020651,0.042445
889,144.279783,10.0.18.139,204.79.197.222,TLSv1.2,548,Client Hello,,,,,,,,,,,,,144.301577,144.279783,0.021794,0.000172,0.021622,-0.02145
890,144.301577,13.107.21.200,10.0.18.139,TLSv1.2,196,Application Data,,,,,,,,,,,,,144.301749,144.301577,0.000172,0.024511,-0.024339,0.04885
891,144.301749,10.0.18.139,13.107.21.200,TCP,54,63307  >  443 [ACK] Seq=31714 Ack=8293 Win=261120 Len=0,,,,,,,,,,,,,144.32626,144.301749,0.024511,0.000149,0.024362,-0.024213
892,144.32626,23.75.23.89,10.0.18.139,TLSv1.2,507,Ignored Unknown Record,,,,,,,,,,,,,144.326409,144.32626,0.000149,0.03199,-0.031841,0.063831
893,144.326409,10.0.18.139,23.75.23.89,TCP,66,[TCP Dup ACK 873#1] 63314  >  443 [ACK] Seq=176 Ack=1461 Win=65536 Len=0 SLE=4097 SRE=6010,,,,,,,,,,,,,144.358399,144.326409,0.03199,0.003557,0.028433,-0.024876
894,144.358399,204.79.197.222,10.0.18.139,TCP,60,443  >  63315 [ACK] Seq=1 Ack=495 Win=525056 Len=0,,,,,,,,,,,,,144.361956,144.358399,0.003557,0,0.003557,-0.003557
895,144.361956,204.79.197.222,10.0.18.139,TCP,1514,443  >  63315 [ACK] Seq=1 Ack=495 Win=525056 Len=1460 [TCP segment of a reassembled PDU],,,,,,,,,,,,,144.361956,144.361956,0,0.000169,-0.000169,0.000338
896,144.361956,204.79.197.222,10.0.18.139,TCP,1514,443  >  63315 [ACK] Seq=1461 Ack=495 Win=525056 Len=1460 [TCP segment of a reassembled PDU],,,,,,,,,,,,,144.362125,144.361956,0.000169,0.000244,-7.50E-05,0.000319
897,144.362125,10.0.18.139,204.79.197.222,TCP,54,63315  >  443 [ACK] Seq=495 Ack=2921 Win=262144 Len=0,,,,,,,,,,,,,144.362369,144.362125,0.000244,5.90E-05,0.000185,-0.000126
898,144.362369,204.79.197.222,10.0.18.139,TCP,1514,443  >  63315 [ACK] Seq=2921 Ack=495 Win=525056 Len=1460 [TCP segment of a reassembled PDU],,,,,,,,,,,,,144.362428,144.362369,5.90E-05,0.00946,-0.009401,0.018861
899,144.362428,10.0.18.139,204.79.197.222,TCP,54,63315  >  443 [ACK] Seq=495 Ack=4381 Win=262144 Len=0,,,,,,,,,,,,,144.371888,144.362428,0.00946,0.00013,0.00933,-0.0092
900,144.371888,204.79.197.222,10.0.18.139,TCP,1514,443  >  63315 [ACK] Seq=4381 Ack=495 Win=525056 Len=1460 [TCP segment of a reassembled PDU],,,,,,,,,,,,,144.372018,144.371888,0.00013,0.011525,-0.011395,0.02292
901,144.372018,10.0.18.139,204.79.197.222,TCP,54,63315  >  443 [ACK] Seq=495 Ack=5841 Win=262144 Len=0,,,,,,,,,,,,,144.383543,144.372018,0.011525,0.000127,0.011398,-0.011271
902,144.383543,204.79.197.222,10.0.18.139,TLSv1.2,429,"Server Hello, Certificate, Certificate Status, Server Key Exchange, Server Hello Done",,,,,,,,,,,,,144.38367,144.383543,0.000127,0.011494,-0.011367,0.022861
903,144.38367,10.0.18.139,204.79.197.222,TCP,54,63315  >  443 [ACK] Seq=495 Ack=6216 Win=261632 Len=0,,,,,,,,,,,,,144.395164,144.38367,0.011494,0.000117,0.011377,-0.01126
904,144.395164,23.75.23.89,10.0.18.139,TCP,1514,[TCP Out-Of-Order] 443  >  63314 [ACK] Seq=1461 Ack=176 Win=30336 Len=1460 [TCP segment of a reassembled PDU],,,,,,,,,,,,,144.395281,144.395164,0.000117,0.005976,-0.005859,0.011835
905,144.395281,10.0.18.139,23.75.23.89,TCP,66,63314  >  443 [ACK] Seq=176 Ack=2921 Win=65536 Len=0 SLE=4097 SRE=6010,,,,,,,,,,,,,144.401257,144.395281,0.005976,0.0006,0.005376,-0.004776
906,144.401257,10.0.18.139,204.79.197.222,TLSv1.2,212,"Client Key Exchange, Change Cipher Spec, Encrypted Handshake Message",,,,,,,,,,,,,144.401857,144.401257,0.0006,0.00059,1.00E-05,0.00058
907,144.401857,10.0.18.139,204.79.197.222,TLSv1.2,141,Application Data,,,,,,,,,,,,,144.402447,144.401857,0.00059,0.030695,-0.030105,0.0608
908,144.402447,10.0.18.139,204.79.197.222,TLSv1.2,882,Application Data,,,,,,,,,,,,,144.433142,144.402447,0.030695,0.00498,0.025715,-0.020735
909,144.433142,204.79.197.222,10.0.18.139,TCP,60,443  >  63315 [ACK] Seq=6216 Ack=653 Win=524800 Len=0,,,,,,,,,,,,,144.438122,144.433142,0.00498,0.000612,0.004368,-0.003756
910,144.438122,204.79.197.222,10.0.18.139,TCP,60,443  >  63315 [ACK] Seq=6216 Ack=740 Win=524800 Len=0,,,,,,,,,,,,,144.438734,144.438122,0.000612,0.000587,2.50E-05,0.000562
911,144.438734,204.79.197.222,10.0.18.139,TCP,60,443  >  63315 [ACK] Seq=6216 Ack=1568 Win=525568 Len=0,,,,,,,,,,,,,144.439321,144.438734,0.000587,0,0.000587,-0.000587
912,144.439321,204.79.197.222,10.0.18.139,TLSv1.2,380,"New Session Ticket, Change Cipher Spec, Encrypted Handshake Message",,,,,,,,,,,,,144.439321,144.439321,0,0.000101,-0.000101,0.000202
913,144.439321,204.79.197.222,10.0.18.139,TLSv1.2,123,Application Data,,,,,,,,,,,,,144.439422,144.439321,0.000101,0.001119,-0.001018,0.002137
914,144.439422,10.0.18.139,204.79.197.222,TCP,54,63315  >  443 [ACK] Seq=1568 Ack=6611 Win=261120 Len=0,,,,,,,,,,,,,144.440541,144.439422,0.001119,0.002459,-0.00134,0.003799
915,144.440541,10.0.18.139,204.79.197.222,TLSv1.2,92,Application Data,,,,,,,,,,,,,144.443,144.440541,0.002459,0.000124,0.002335,-0.002211
916,144.443,204.79.197.222,10.0.18.139,TLSv1.2,301,"Application Data, Application Data",,,,,,,,,,,,,144.443124,144.443,0.000124,0.001387,-0.001263,0.00265
917,144.443124,10.0.18.139,204.79.197.222,TCP,54,63315  >  443 [ACK] Seq=1606 Ack=6858 Win=261120 Len=0,,,,,,,,,,,,,144.444511,144.443124,0.001387,6.50E-05,0.001322,-0.001257
918,144.444511,204.79.197.222,10.0.18.139,TLSv1.2,92,Application Data,,,,,,,,,,,,,144.444576,144.444511,6.50E-05,0.029904,-0.029839,0.059743
919,144.444576,10.0.18.139,204.79.197.222,TCP,54,63315  >  443 [ACK] Seq=1606 Ack=6896 Win=260864 Len=0,,,,,,,,,,,,,144.47448,144.444576,0.029904,0.062073,-0.032169,0.094242
920,144.47448,204.79.197.222,10.0.18.139,TCP,60,443  >  63315 [ACK] Seq=6896 Ack=1606 Win=525312 Len=0,,,,,,,,,,,,,144.536553,144.47448,0.062073,0.000194,0.061879,-0.061685
921,144.536553,23.75.23.89,10.0.18.139,TCP,1230,"[TCP Out-Of-Order] 443  >  63314 [PSH, ACK] Seq=2921 Ack=176 Win=30336 Len=1176",,,,,,,,,,,,,144.536747,144.536553,0.000194,0.008156,-0.007962,0.016118
922,144.536747,10.0.18.139,23.75.23.89,TCP,54,63314  >  443 [ACK] Seq=176 Ack=6010 Win=65536 Len=0,,,,,,,,,,,,,144.544903,144.536747,0.008156,0.210011,-0.201855,0.411866
923,144.544903,10.0.18.139,23.75.23.89,TLSv1.2,180,"Client Key Exchange, Change Cipher Spec, Encrypted Handshake Message",,,,,,,,,,,,,144.754914,144.544903,0.210011,0.002583,0.207428,-0.204845
924,144.754914,23.75.23.89,10.0.18.139,TLSv1.2,296,"New Session Ticket, Change Cipher Spec, Encrypted Handshake Message",,,,,,,,,,,,,144.757497,144.754914,0.002583,0.209371,-0.206788,0.416159
925,144.757497,10.0.18.139,23.75.23.89,TLSv1.2,268,Application Data,,,,,,,,,,,,,144.966868,144.757497,0.209371,0.000605,0.208766,-0.208161
927,144.966868,23.75.23.89,10.0.18.139,TCP,1514,443  >  63314 [ACK] Seq=6252 Ack=516 Win=31360 Len=1460 [TCP segment of a reassembled PDU],,,,,,,,,,,,,144.967473,144.966868,0.000605,0.000106,0.000499,-0.000393
928,144.967473,23.75.23.89,10.0.18.139,TLSv1.2,315,Application Data,,,,,,,,,,,,,144.967579,144.967473,0.000106,10.484098,-10.483992,20.96809
929,144.967579,10.0.18.139,23.75.23.89,TCP,54,63314  >  443 [ACK] Seq=516 Ack=7973 Win=65536 Len=0,,,,,,,,,,,,,155.451677,144.967579,10.484098,0,10.484098,-10.484098
964,155.451677,10.0.18.139,20.44.232.74,TCP,1494,63305  >  443 [ACK] Seq=18907 Ack=20200 Win=66048 Len=1440 [TCP segment of a reassembled PDU],,,,,,,,,,,,,155.451677,155.451677,0,0.000246,-0.000246,0.000492
965,155.451677,10.0.18.139,20.44.232.74,TLSv1.2,143,Application Data,,,,,,,,,,,,,155.451923,155.451677,0.000246,0,0.000246,-0.000246
966,155.451923,10.0.18.139,20.44.232.74,TCP,1494,63305  >  443 [ACK] Seq=20436 Ack=20200 Win=66048 Len=1440 [TCP segment of a reassembled PDU],,,,,,,,,,,,,155.451923,155.451923,0,0.03029,-0.03029,0.06058
967,155.451923,10.0.18.139,20.44.232.74,TLSv1.2,391,Application Data,,,,,,,,,,,,,155.482213,155.451923,0.03029,0.001366,0.028924,-0.027558
968,155.482213,20.44.232.74,10.0.18.139,TCP,60,443  >  63305 [ACK] Seq=20200 Ack=20436 Win=525568 Len=0,,,,,,,,,,,,,155.483579,155.482213,0.001366,0.011207,-0.009841,0.021048
969,155.483579,20.44.232.74,10.0.18.139,TCP,60,443  >  63305 [ACK] Seq=20200 Ack=22213 Win=525568 Len=0,,,,,,,,,,,,,155.494786,155.483579,0.011207,0.003954,0.007253,-0.003299
970,155.494786,20.44.232.74,10.0.18.139,TCP,1514,443  >  63305 [ACK] Seq=20200 Ack=22213 Win=525568 Len=1460 [TCP segment of a reassembled PDU],,,,,,,,,,,,,155.49874,155.494786,0.003954,0.000126,0.003828,-0.003702
971,155.49874,20.44.232.74,10.0.18.139,TLSv1.2,919,Application Data,,,,,,,,,,,,,155.498866,155.49874,0.000126,0.01317,-0.013044,0.026214
972,155.498866,10.0.18.139,20.44.232.74,TCP,54,63305  >  443 [ACK] Seq=22213 Ack=22525 Win=66048 Len=0,,,,,,,,,,,,,155.512036,155.498866,0.01317,0,0.01317,-0.01317
973,155.512036,10.0.18.139,20.44.232.74,TCP,1494,63304  >  443 [ACK] Seq=14877 Ack=13414 Win=66048 Len=1440 [TCP segment of a reassembled PDU],,,,,,,,,,,,,155.512036,155.512036,0,0.032517,-0.032517,0.065034
974,155.512036,10.0.18.139,20.44.232.74,TLSv1.2,130,Application Data,,,,,,,,,,,,,155.544553,155.512036,0.032517,0.02312,0.009397,0.013723
975,155.544553,20.44.232.74,10.0.18.139,TCP,60,443  >  63304 [ACK] Seq=13414 Ack=16393 Win=525568 Len=0,,,,,,,,,,,,,155.567673,155.544553,0.02312,0.040709,-0.017589,0.058298
976,155.567673,20.44.232.74,10.0.18.139,TLSv1.2,366,Application Data,,,,,,,,,,,,,155.608382,155.567673,0.040709,12.599014,-12.558305,25.157319
977,155.608382,10.0.18.139,20.44.232.74,TCP,54,63304  >  443 [ACK] Seq=16393 Ack=13726 Win=65792 Len=0,,,,,,,,,,,,,168.207396,155.608382,12.599014,0,12.599014,-12.599014
1026,168.207396,10.0.18.139,23.74.212.195,TCP,66,63317  >  443 [SYN] Seq=0 Win=65535 Len=0 MSS=1460 WS=256 SACK_PERM=1,,,,,,,,,,,,,168.207396,168.207396,0,1.000659,-1.000659,2.001318
1027,168.207396,10.0.18.139,23.74.212.195,TCP,66,63316  >  443 [SYN] Seq=0 Win=65535 Len=0 MSS=1460 WS=256 SACK_PERM=1,,,,,,,,,,,,,169.208055,168.207396,1.000659,0,1.000659,-1.000659
1033,169.208055,10.0.18.139,23.74.212.195,TCP,66,[TCP Retransmission] 63316  >  443 [SYN] Seq=0 Win=65535 Len=0 MSS=1460 WS=256 SACK_PERM=1,,,,,,,,,,,,,169.208055,169.208055,0,0.451505,-0.451505,0.90301
1034,169.208055,10.0.18.139,23.74.212.195,TCP,66,[TCP Retransmission] 63317  >  443 [SYN] Seq=0 Win=65535 Len=0 MSS=1460 WS=256 SACK_PERM=1,,,,,,,,,,,,,169.65956,169.208055,0.451505,0.000194,0.451311,-0.451117
1038,169.65956,23.74.212.195,10.0.18.139,TCP,66,"443  >  63316 [SYN, ACK] Seq=0 Ack=1 Win=29200 Len=0 MSS=1460 SACK_PERM=1 WS=128",,,,,,,,,,,,,169.659754,169.65956,0.000194,0.005072,-0.004878,0.00995
1039,169.659754,10.0.18.139,23.74.212.195,TCP,54,63316  >  443 [ACK] Seq=1 Ack=1 Win=262144 Len=0,,,,,,,,,,,,,169.664826,169.659754,0.005072,0.000806,0.004266,-0.00346
1040,169.664826,10.0.18.139,23.74.212.195,TLSv1.2,276,Client Hello,,,,,,,,,,,,,169.665632,169.664826,0.000806,0.000182,0.000624,-0.000442
1041,169.665632,23.74.212.195,10.0.18.139,TCP,66,"443  >  63317 [SYN, ACK] Seq=0 Ack=1 Win=29200 Len=0 MSS=1460 SACK_PERM=1 WS=128",,,,,,,,,,,,,169.665814,169.665632,0.000182,0.000898,-0.000716,0.001614
1042,169.665814,10.0.18.139,23.74.212.195,TCP,54,63317  >  443 [ACK] Seq=1 Ack=1 Win=262144 Len=0,,,,,,,,,,,,,169.666712,169.665814,0.000898,0.438886,-0.437988,0.876874
1043,169.666712,10.0.18.139,23.74.212.195,TLSv1.2,276,Client Hello,,,,,,,,,,,,,170.105598,169.666712,0.438886,0.004151,0.434735,-0.430584
1045,170.105598,23.74.212.195,10.0.18.139,TCP,60,443  >  63316 [ACK] Seq=1 Ack=223 Win=30336 Len=0,,,,,,,,,,,,,170.109749,170.105598,0.004151,0,0.004151,-0.004151
1046,170.109749,23.74.212.195,10.0.18.139,TLSv1.2,1514,Server Hello,,,,,,,,,,,,,170.109749,170.109749,0,0,0,0
1047,170.109749,23.74.212.195,10.0.18.139,TCP,1514,443  >  63316 [ACK] Seq=1461 Ack=223 Win=30336 Len=1460 [TCP segment of a reassembled PDU],,,,,,,,,,,,,170.109749,170.109749,0,0,0,0
1048,170.109749,23.74.212.195,10.0.18.139,TLSv1.2,1230,Certificate [TCP segment of a reassembled PDU],,,,,,,,,,,,,170.109749,170.109749,0,0.000118,-0.000118,0.000236
1049,170.109749,23.74.212.195,10.0.18.139,TCP,1514,443  >  63316 [ACK] Seq=4097 Ack=223 Win=30336 Len=1460 [TCP segment of a reassembled PDU],,,,,,,,,,,,,170.109867,170.109749,0.000118,0.012417,-0.012299,0.024716
1050,170.109867,10.0.18.139,23.74.212.195,TCP,54,63316  >  443 [ACK] Seq=223 Ack=5557 Win=262144 Len=0,,,,,,,,,,,,,170.122284,170.109867,0.012417,0.003181,0.009236,-0.006055
1051,170.122284,23.74.212.195,10.0.18.139,TCP,60,443  >  63317 [ACK] Seq=1 Ack=223 Win=30336 Len=0,,,,,,,,,,,,,170.125465,170.122284,0.003181,8.10E-05,0.0031,-0.003019
1052,170.125465,23.74.212.195,10.0.18.139,TLSv1.2,1514,Server Hello,,,,,,,,,,,,,170.125546,170.125465,8.10E-05,0.031451,-0.03137,0.062821
1053,170.125546,10.0.18.139,23.74.212.195,TCP,54,63317  >  443 [ACK] Seq=223 Ack=1461 Win=262144 Len=0,,,,,,,,,,,,,170.156997,170.125546,0.031451,0.000118,0.031333,-0.031215
1054,170.156997,23.74.212.195,10.0.18.139,TCP,1514,443  >  63317 [ACK] Seq=1461 Ack=223 Win=30336 Len=1460 [TCP segment of a reassembled PDU],,,,,,,,,,,,,170.157115,170.156997,0.000118,0.029865,-0.029747,0.059612
1055,170.157115,10.0.18.139,23.74.212.195,TCP,54,63317  >  443 [ACK] Seq=223 Ack=2921 Win=262144 Len=0,,,,,,,,,,,,,170.18698,170.157115,0.029865,0.000141,0.029724,-0.029583
1056,170.18698,23.74.212.195,10.0.18.139,TLSv1.2,1230,Certificate [TCP segment of a reassembled PDU],,,,,,,,,,,,,170.187121,170.18698,0.000141,0.02471,-0.024569,0.049279
1057,170.187121,10.0.18.139,23.74.212.195,TCP,54,63317  >  443 [ACK] Seq=223 Ack=4097 Win=260864 Len=0,,,,,,,,,,,,,170.211831,170.187121,0.02471,0.000105,0.024605,-0.0245
1058,170.211831,23.74.212.195,10.0.18.139,TCP,1514,443  >  63317 [ACK] Seq=4097 Ack=223 Win=30336 Len=1460 [TCP segment of a reassembled PDU],,,,,,,,,,,,,170.211936,170.211831,0.000105,0.241426,-0.241321,0.482747
1059,170.211936,10.0.18.139,23.74.212.195,TCP,54,63317  >  443 [ACK] Seq=223 Ack=5557 Win=262144 Len=0,,,,,,,,,,,,,170.453362,170.211936,0.241426,0.000204,0.241222,-0.241018
1060,170.453362,23.74.212.195,10.0.18.139,TLSv1.2,594,"Certificate Status, Server Key Exchange, Server Hello Done",,,,,,,,,,,,,170.453566,170.453362,0.000204,0.000241,-3.70E-05,0.000278
1061,170.453566,10.0.18.139,23.74.212.195,TCP,54,63316  >  443 [ACK] Seq=223 Ack=6097 Win=261376 Len=0,,,,,,,,,,,,,170.453807,170.453566,0.000241,7.90E-05,0.000162,-8.30E-05
1062,170.453807,23.74.212.195,10.0.18.139,TLSv1.2,594,"Certificate Status, Server Key Exchange, Server Hello Done",,,,,,,,,,,,,170.453886,170.453807,7.90E-05,0.157272,-0.157193,0.314465
1063,170.453886,10.0.18.139,23.74.212.195,TCP,54,63317  >  443 [ACK] Seq=223 Ack=6097 Win=261376 Len=0,,,,,,,,,,,,,170.611158,170.453886,0.157272,0.045512,0.11176,-0.066248
1064,170.611158,10.0.18.139,23.74.212.195,TLSv1.2,180,"Client Key Exchange, Change Cipher Spec, Encrypted Handshake Message",,,,,,,,,,,,,170.65667,170.611158,0.045512,0.055141,-0.009629,0.06477
1065,170.65667,10.0.18.139,23.74.212.195,TLSv1.2,180,"Client Key Exchange, Change Cipher Spec, Encrypted Handshake Message",,,,,,,,,,,,,170.711811,170.65667,0.055141,0,0.055141,-0.055141
1066,170.711811,10.0.18.139,23.74.212.195,TCP,1514,63317  >  443 [ACK] Seq=349 Ack=6097 Win=261376 Len=1460 [TCP segment of a reassembled PDU],,,,,,,,,,,,,170.711811,170.711811,0,0,0,0
1067,170.711811,10.0.18.139,23.74.212.195,TCP,1514,63316  >  443 [ACK] Seq=349 Ack=6097 Win=261376 Len=1460 [TCP segment of a reassembled PDU],,,,,,,,,,,,,170.711811,170.711811,0,0,0,0
1068,170.711811,10.0.18.139,23.74.212.195,TLSv1.2,1024,Application Data,,,,,,,,,,,,,170.711811,170.711811,0,0.128435,-0.128435,0.25687
1069,170.711811,10.0.18.139,23.74.212.195,TLSv1.2,1043,Application Data,,,,,,,,,,,,,170.840246,170.711811,0.128435,0.000206,0.128229,-0.128023
1070,170.840246,23.74.212.195,10.0.18.139,TLSv1.2,328,"New Session Ticket, Change Cipher Spec, Encrypted Handshake Message",,,,,,,,,,,,,170.840452,170.840246,0.000206,0.040892,-0.040686,0.081578
1071,170.840452,10.0.18.139,23.74.212.195,TCP,54,63316  >  443 [ACK] Seq=2798 Ack=6371 Win=261120 Len=0,,,,,,,,,,,,,170.881344,170.840452,0.040892,0.000134,0.040758,-0.040624
1072,170.881344,23.74.212.195,10.0.18.139,TLSv1.2,328,"New Session Ticket, Change Cipher Spec, Encrypted Handshake Message",,,,,,,,,,,,,170.881478,170.881344,0.000134,0.130001,-0.129867,0.259868
1073,170.881478,10.0.18.139,23.74.212.195,TCP,54,63317  >  443 [ACK] Seq=2779 Ack=6371 Win=261120 Len=0,,,,,,,,,,,,,171.011479,170.881478,0.130001,0.00029,0.129711,-0.129421
1074,171.011479,23.74.212.195,10.0.18.139,TCP,60,443  >  63316 [ACK] Seq=6371 Ack=2798 Win=36224 Len=0,,,,,,,,,,,,,171.011769,171.011479,0.00029,0.000125,0.000165,-4.00E-05
1075,171.011769,23.74.212.195,10.0.18.139,TLSv1.2,228,Application Data,,,,,,,,,,,,,171.011894,171.011769,0.000125,0.004573,-0.004448,0.009021
1076,171.011894,10.0.18.139,23.74.212.195,TCP,54,63316  >  443 [ACK] Seq=2798 Ack=6545 Win=261120 Len=0,,,,,,,,,,,,,171.016467,171.011894,0.004573,0.011196,-0.006623,0.017819
1077,171.016467,23.74.212.195,10.0.18.139,TCP,60,443  >  63317 [ACK] Seq=6371 Ack=2779 Win=36224 Len=0,,,,,,,,,,,,,171.027663,171.016467,0.011196,0.000176,0.01102,-0.010844
1078,171.027663,23.74.212.195,10.0.18.139,TLSv1.2,228,Application Data,,,,,,,,,,,,,171.027839,171.027663,0.000176,0.189505,-0.189329,0.378834
1079,171.027839,10.0.18.139,23.74.212.195,TCP,54,63317  >  443 [ACK] Seq=2779 Ack=6545 Win=261120 Len=0,,,,,,,,,,,,,171.217344,171.027839,0.189505,0,0.189505,-0.189505
1081,171.217344,10.0.18.139,23.74.212.195,TCP,1514,63317  >  443 [ACK] Seq=2779 Ack=6545 Win=261120 Len=1460 [TCP segment of a reassembled PDU],,,,,,,,,,,,,171.217344,171.217344,0,0.434767,-0.434767,0.869534
1082,171.217344,10.0.18.139,23.74.212.195,TLSv1.2,1043,Application Data,,,,,,,,,,,,,171.652111,171.217344,0.434767,0,0.434767,-0.434767
1085,171.652111,23.74.212.195,10.0.18.139,TCP,60,443  >  63317 [ACK] Seq=6545 Ack=5228 Win=41984 Len=0,,,,,,,,,,,,,171.652111,171.652111,0,0.000207,-0.000207,0.000414
1086,171.652111,23.74.212.195,10.0.18.139,TLSv1.2,228,Application Data,,,,,,,,,,,,,171.652318,171.652111,0.000207,8.346778,-8.346571,16.693349
1087,171.652318,10.0.18.139,23.74.212.195,TCP,54,63317  >  443 [ACK] Seq=5228 Ack=6719 Win=260864 Len=0,,,,,,,,,,,,,179.999096,171.652318,8.346778,0.273922,8.072856,-7.798934
1166,179.999096,10.0.18.139,52.139.250.253,TLSv1.2,96,Application Data,,,,,,,,,,,,,180.273018,179.999096,0.273922,0.040874,0.233048,-0.192174
1168,180.273018,52.139.250.253,10.0.18.139,TLSv1.2,227,Application Data,,,,,,,,,,,,,180.313892,180.273018,0.040874,0.164532,-0.123658,0.28819
1169,180.313892,10.0.18.139,52.139.250.253,TCP,54,63292  >  443 [ACK] Seq=211 Ack=866 Win=258 Len=0,,,,,,,,,,,,,180.478424,180.313892,0.164532,8.50E-05,0.164447,-0.164362
1170,180.478424,52.139.250.253,10.0.18.139,TLSv1.2,227,"[TCP Spurious Retransmission] , Application Data",,,,,,,,,,,,,180.478509,180.478424,8.50E-05,6.765907,-6.765822,13.531729
1171,180.478509,10.0.18.139,52.139.250.253,TCP,66,[TCP Dup ACK 1169#1] 63292  >  443 [ACK] Seq=211 Ack=866 Win=258 Len=0 SLE=693 SRE=866,,,,,,,,,,,,,187.244416,180.478509,6.765907,0.028832,6.737075,-6.708243
1184,187.244416,10.0.18.139,172.217.194.188,TCP,55,[TCP Keep-Alive] 63302  >  5228 [ACK] Seq=1 Ack=1 Win=256 Len=1,,,,,,,,,,,,,187.273248,187.244416,0.028832,2.392185,-2.363353,4.755538
1185,187.273248,172.217.194.188,10.0.18.139,TCP,66,[TCP Keep-Alive ACK] 5228  >  63302 [ACK] Seq=1 Ack=2 Win=265 Len=0 SLE=1 SRE=2,,,,,,,,,,,,,189.665433,187.273248,2.392185,0,2.392185,-2.392185
1192,189.665433,10.0.18.139,20.44.232.74,TCP,1494,63305  >  443 [ACK] Seq=22213 Ack=22525 Win=66048 Len=1440 [TCP segment of a reassembled PDU],,,,,,,,,,,,,189.665433,189.665433,0,0.000179,-0.000179,0.000358
1193,189.665433,10.0.18.139,20.44.232.74,TLSv1.2,143,Application Data,,,,,,,,,,,,,189.665612,189.665433,0.000179,0,0.000179,-0.000179
1194,189.665612,10.0.18.139,20.44.232.74,TCP,1494,63305  >  443 [ACK] Seq=23742 Ack=22525 Win=66048 Len=1440 [TCP segment of a reassembled PDU],,,,,,,,,,,,,189.665612,189.665612,0,0.028613,-0.028613,0.057226
1195,189.665612,10.0.18.139,20.44.232.74,TLSv1.2,391,Application Data,,,,,,,,,,,,,189.694225,189.665612,0.028613,0.000974,0.027639,-0.026665
1196,189.694225,20.44.232.74,10.0.18.139,TCP,60,443  >  63305 [ACK] Seq=22525 Ack=23742 Win=525568 Len=0,,,,,,,,,,,,,189.695199,189.694225,0.000974,0.003536,-0.002562,0.006098
1197,189.695199,20.44.232.74,10.0.18.139,TCP,60,443  >  63305 [ACK] Seq=22525 Ack=25519 Win=525568 Len=0,,,,,,,,,,,,,189.698735,189.695199,0.003536,0.000684,0.002852,-0.002168
1198,189.698735,20.44.232.74,10.0.18.139,TCP,1514,443  >  63305 [ACK] Seq=22525 Ack=25519 Win=525568 Len=1460 [TCP segment of a reassembled PDU],,,,,,,,,,,,,189.699419,189.698735,0.000684,7.30E-05,0.000611,-0.000538
1199,189.699419,20.44.232.74,10.0.18.139,TLSv1.2,919,Application Data,,,,,,,,,,,,,189.699492,189.699419,7.30E-05,0.012678,-0.012605,0.025283
1200,189.699492,10.0.18.139,20.44.232.74,TCP,54,63305  >  443 [ACK] Seq=25519 Ack=24850 Win=66048 Len=0,,,,,,,,,,,,,189.71217,189.699492,0.012678,0,0.012678,-0.012678
1201,189.71217,10.0.18.139,20.44.232.74,TCP,1494,63304  >  443 [ACK] Seq=16393 Ack=13726 Win=65792 Len=1440 [TCP segment of a reassembled PDU],,,,,,,,,,,,,189.71217,189.71217,0,0.02657,-0.02657,0.05314
1202,189.71217,10.0.18.139,20.44.232.74,TLSv1.2,130,Application Data,,,,,,,,,,,,,189.73874,189.71217,0.02657,0.039811,-0.013241,0.053052
1203,189.73874,20.44.232.74,10.0.18.139,TCP,60,443  >  63304 [ACK] Seq=13726 Ack=17909 Win=525568 Len=0,,,,,,,,,,,,,189.778551,189.73874,0.039811,0.039642,0.000169,0.039473
1204,189.778551,20.44.232.74,10.0.18.139,TLSv1.2,366,Application Data,,,,,,,,,,,,,189.818193,189.778551,0.039642,7.131763,-7.092121,14.223884
1205,189.818193,10.0.18.139,20.44.232.74,TCP,54,63304  >  443 [ACK] Seq=17909 Ack=14038 Win=65536 Len=0,,,,,,,,,,,,,196.949956,189.818193,7.131763,0.185707,6.946056,-6.760349
1220,196.949956,10.0.18.139,202.152.1.200,TCP,66,63318  >  80 [SYN] Seq=0 Win=64240 Len=0 MSS=1460 WS=256 SACK_PERM=1,,,,,,,,,,,,,197.135663,196.949956,0.185707,0.00029,0.185417,-0.185127
1221,197.135663,202.152.1.200,10.0.18.139,TCP,66,"80  >  63318 [SYN, ACK] Seq=0 Ack=1 Win=29200 Len=0 MSS=1460 SACK_PERM=1 WS=128",,,,,,,,,,,,,197.135953,197.135663,0.00029,0.00038,-9.00E-05,0.00047
1222,197.135953,10.0.18.139,202.152.1.200,TCP,54,63318  >  80 [ACK] Seq=1 Ack=1 Win=65536 Len=0,,,,,,,,,,,,,197.136333,197.135953,0.00038,0.14715,-0.14677,0.29392
1223,197.136333,10.0.18.139,202.152.1.200,HTTP,341,GET /msdownload/update/v3/static/trustedr/en/disallowedcertstl.cab?2cecf9e4a3fd0f70 HTTP/1.1 ,,,,,,,,,,,,,197.283483,197.136333,0.14715,0.000104,0.147046,-0.146942
1224,197.283483,202.152.1.200,10.0.18.139,TCP,66,"[TCP Out-Of-Order] 80  >  63318 [SYN, ACK] Seq=0 Ack=1 Win=29200 Len=0 MSS=1460 SACK_PERM=1 WS=128",,,,,,,,,,,,,197.283587,197.283483,0.000104,0.077349,-0.077245,0.154594
1225,197.283587,10.0.18.139,202.152.1.200,TCP,66,[TCP Dup ACK 1222#1] 63318  >  80 [ACK] Seq=288 Ack=1 Win=65536 Len=0 SLE=0 SRE=1,,,,,,,,,,,,,197.360936,197.283587,0.077349,0.000243,0.077106,-0.076863
1226,197.360936,202.152.1.200,10.0.18.139,TCP,60,80  >  63318 [ACK] Seq=1 Ack=288 Win=30336 Len=0,,,,,,,,,,,,,197.361179,197.360936,0.000243,0.040277,-0.040034,0.080311
1227,197.361179,202.152.1.200,10.0.18.139,HTTP,322,HTTP/1.1 304 Not Modified ,,,,,,,,,,,,,197.401456,197.361179,0.040277,0.147087,-0.10681,0.253897
1228,197.401456,10.0.18.139,202.152.1.200,TCP,54,63318  >  80 [ACK] Seq=288 Ack=269 Win=65280 Len=0,,,,,,,,,,,,,197.548543,197.401456,0.147087,9.20E-05,0.146995,-0.146903
1229,197.548543,202.152.1.200,10.0.18.139,HTTP,322,[TCP Spurious Retransmission] HTTP/1.1 304 Not Modified ,,,,,,,,,,,,,197.548635,197.548543,9.20E-05,27.458948,-27.458856,54.917804
1230,197.548635,10.0.18.139,202.152.1.200,TCP,66,[TCP Dup ACK 1228#1] 63318  >  80 [ACK] Seq=288 Ack=269 Win=65280 Len=0 SLE=1 SRE=269,,,,,,,,,,,,,225.007583,197.548635,27.458948,0.213249,27.245699,-27.03245
1323,225.007583,10.0.18.139,52.139.250.253,TLSv1.2,96,Application Data,,,,,,,,,,,,,225.220832,225.007583,0.213249,0.04045,0.172799,-0.132349
1324,225.220832,52.139.250.253,10.0.18.139,TLSv1.2,227,Application Data,,,,,,,,,,,,,225.261282,225.220832,0.04045,6.03498,-5.99453,12.02951
1325,225.261282,10.0.18.139,52.139.250.253,TCP,54,63292  >  443 [ACK] Seq=253 Ack=1039 Win=258 Len=0,,,,,,,,,,,,,231.296262,225.261282,6.03498,0.000207,6.034773,-6.034566
1334,231.296262,10.0.18.139,23.74.212.195,TCP,54,"63316  >  443 [RST, ACK] Seq=2798 Ack=6545 Win=0 Len=0",,,,,,,,,,,,,231.296469,231.296262,0.000207,0.191219,-0.191012,0.382231
1335,231.296469,10.0.18.139,23.74.212.195,TCP,54,"63317  >  443 [RST, ACK] Seq=5228 Ack=6719 Win=0 Len=0",,,,,,,,,,,,,231.487688,231.296469,0.191219,0.18703,0.004189,0.182841
1339,231.487688,10.0.18.139,202.152.1.201,TCP,66,63319  >  80 [SYN] Seq=0 Win=64240 Len=0 MSS=1460 WS=256 SACK_PERM=1,,,,,,,,,,,,,231.674718,231.487688,0.18703,0.000196,0.186834,-0.186638
1340,231.674718,202.152.1.201,10.0.18.139,TCP,66,"80  >  63319 [SYN, ACK] Seq=0 Ack=1 Win=29200 Len=0 MSS=1460 SACK_PERM=1 WS=128",,,,,,,,,,,,,231.674914,231.674718,0.000196,0.000243,-4.70E-05,0.00029
1341,231.674914,10.0.18.139,202.152.1.201,TCP,54,63319  >  80 [ACK] Seq=1 Ack=1 Win=65536 Len=0,,,,,,,,,,,,,231.675157,231.674914,0.000243,0.208334,-0.208091,0.416425
1342,231.675157,10.0.18.139,202.152.1.201,HTTP,341,GET /msdownload/update/v3/static/trustedr/en/disallowedcertstl.cab?f72e01f1beed8ebf HTTP/1.1 ,,,,,,,,,,,,,231.883491,231.675157,0.208334,0.013692,0.194642,-0.18095
1354,231.883491,202.152.1.201,10.0.18.139,TCP,60,80  >  63319 [ACK] Seq=1 Ack=288 Win=30336 Len=0,,,,,,,,,,,,,231.897183,231.883491,0.013692,0.04162,-0.027928,0.069548
1355,231.897183,202.152.1.201,10.0.18.139,HTTP,322,HTTP/1.1 304 Not Modified ,,,,,,,,,,,,,231.938803,231.897183,0.04162,0.335979,-0.294359,0.630338
1356,231.938803,10.0.18.139,202.152.1.201,TCP,54,63319  >  80 [ACK] Seq=288 Ack=269 Win=65280 Len=0,,,,,,,,,,,,,232.274782,231.938803,0.335979,0.20423,0.131749,0.072481
1363,232.274782,10.0.18.139,172.217.194.188,TCP,55,[TCP Keep-Alive] 63302  >  5228 [ACK] Seq=1 Ack=1 Win=256 Len=1,,,,,,,,,,,,,232.479012,232.274782,0.20423,,0.20423,
1365,232.479012,172.217.194.188,10.0.18.139,TCP,66,[TCP Keep-Alive ACK] 5228  >  63302 [ACK] Seq=1 Ack=2 Win=265 Len=0 SLE=1 SRE=2,,,,,,,,,,,,,,,,,,
,,,,,,,,,,,,,,,,,,,,total delay,232.479012,,total Jitter,232.511046
,,,,,,,,,,,,,,,,,,,,,,,,
,,,,,,,,,,,,,,,,,,,,Rata2 Delay,0.169692709,,Rata2 jitter,0.169716092
